time_s,cumulative_dissipated_energy_J
0.0050,0.000000e+00
0.0100,1.402067e-04
0.0150,6.299817e-04
0.0200,1.729055e-03
0.0250,3.649741e-03
0.0300,6.541931e-03
0.0350,1.043147e-02
0.0400,1.503398e-02
0.0450,2.004697e-02
0.0500,2.494074e-02
0.0550,2.945012e-02
0.0600,3.322774e-02
0.0650,3.621635e-02
0.0700,3.847300e-02
0.0750,4.000674e-02
0.0800,4.074021e-02
0.0850,4.093714e-02
0.0900,4.211519e-02
0.0950,4.413350e-02
0.1000,4.676211e-02
0.1050,4.983968e-02
0.1100,5.310114e-02
0.1150,5.627854e-02
0.1200,5.903937e-02
0.1250,6.122068e-02
0.1300,6.271276e-02
0.1350,6.354470e-02
0.1400,6.381826e-02
0.1450,6.392567e-02
0.1500,6.420359e-02
0.1550,6.445598e-02
0.1600,6.454901e-02
0.1650,6.460383e-02
0.1700,6.469668e-02
0.1750,6.553924e-02
0.1800,6.774374e-02
0.1850,7.159539e-02
0.1900,7.706121e-02
0.1950,8.427776e-02
0.2000,9.317642e-02
0.2050,1.035060e-01
0.2100,1.139489e-01
0.2150,1.233618e-01
0.2200,1.305736e-01
0.2250,1.352937e-01
0.2300,1.371077e-01
0.2350,1.381070e-01
0.2400,1.415710e-01
0.2450,1.466357e-01
0.2500,1.521862e-01
0.2550,1.574792e-01
0.2600,1.617200e-01
0.2650,1.646565e-01
0.2700,1.662228e-01
0.2750,1.667216e-01
0.2800,1.669904e-01
0.2850,1.676479e-01
0.2900,1.681978e-01
0.2950,1.682028e-01
0.3000,1.688449e-01
0.3050,1.698399e-01
0.3100,1.708413e-01
0.3150,1.717995e-01
0.3200,1.723944e-01
0.3250,1.728227e-01
0.3300,1.753875e-01
0.3350,1.814379e-01
0.3400,1.912504e-01
0.3450,2.033820e-01
0.3500,2.142127e-01
0.3550,2.213892e-01
0.3600,2.234714e-01
0.3650,2.254580e-01
0.3700,2.303019e-01
0.3750,2.370550e-01
0.3800,2.446760e-01
0.3850,2.519589e-01
0.3900,2.574764e-01
0.3950,2.609669e-01
0.4000,2.629007e-01
0.4050,2.640420e-01
0.4100,2.645166e-01
0.4150,2.645397e-01
0.4200,2.645871e-01
0.4250,2.651031e-01
0.4300,2.665818e-01
0.4350,2.687396e-01
0.4400,2.706485e-01
0.4450,2.712466e-01
0.4500,2.719482e-01
0.4550,2.725564e-01
0.4600,2.733220e-01
0.4650,2.752461e-01
0.4700,2.767054e-01
0.4750,2.769144e-01
0.4800,2.770255e-01
0.4850,2.783735e-01
0.4900,2.823644e-01
0.4950,2.892924e-01
0.5000,2.979424e-01
0.5050,3.070296e-01
0.5100,3.154079e-01
0.5150,3.227177e-01
0.5200,3.289645e-01
0.5250,3.336456e-01
0.5300,3.364054e-01
0.5350,3.375010e-01
0.5400,3.377074e-01
0.5450,3.378006e-01
0.5500,3.379122e-01
0.5550,3.379493e-01
0.5600,3.381407e-01
0.5650,3.382991e-01
0.5700,3.383568e-01
0.5750,3.389772e-01
0.5800,3.406889e-01
0.5850,3.431083e-01
0.5900,3.447834e-01
0.5950,3.463412e-01
0.6000,3.522537e-01
0.6050,3.609149e-01
0.6100,3.686409e-01
0.6150,3.733339e-01
0.6200,3.754667e-01
0.6250,3.767960e-01
0.6300,3.776215e-01
0.6350,3.785118e-01
0.6400,3.826031e-01
0.6450,3.902404e-01
0.6500,4.000828e-01
0.6550,4.108791e-01
0.6600,4.212979e-01
0.6650,4.312112e-01
0.6700,4.398453e-01
0.6750,4.465578e-01
0.6800,4.506751e-01
0.6850,4.523471e-01
0.6900,4.526067e-01
0.6950,4.526192e-01
0.7000,4.529444e-01
0.7050,4.535850e-01
0.7100,4.543503e-01
0.7150,4.548670e-01
0.7200,4.555851e-01
0.7250,4.576695e-01
0.7300,4.594352e-01
0.7350,4.599888e-01
0.7400,4.604178e-01
0.7450,4.606134e-01
0.7500,4.625843e-01
0.7550,4.664290e-01
0.7600,4.712614e-01
0.7650,4.761455e-01
0.7700,4.801885e-01
0.7750,4.830527e-01
0.7800,4.845132e-01
0.7850,4.849690e-01
0.7900,4.850065e-01
0.7950,4.854579e-01
0.8000,4.866416e-01
0.8050,4.888123e-01
0.8100,4.915832e-01
0.8150,4.947487e-01
0.8200,4.984280e-01
0.8250,5.019307e-01
0.8300,5.043034e-01
0.8350,5.048677e-01
0.8400,5.061954e-01
0.8450,5.088664e-01
0.8500,5.117665e-01
0.8550,5.138474e-01
0.8600,5.142138e-01
0.8650,5.149203e-01
0.8700,5.151469e-01
0.8750,5.183731e-01
0.8800,5.236750e-01
0.8850,5.278337e-01
0.8900,5.286038e-01
0.8950,5.295908e-01
0.9000,5.297666e-01
0.9050,5.318582e-01
0.9100,5.340431e-01
0.9150,5.346217e-01
0.9200,5.359823e-01
0.9250,5.380180e-01
0.9300,5.389221e-01
0.9350,5.396749e-01
0.9400,5.408302e-01
0.9450,5.413428e-01
0.9500,5.413608e-01
0.9550,5.418693e-01
0.9600,5.426793e-01
0.9650,5.430997e-01
0.9700,5.447787e-01
0.9750,5.458118e-01
0.9800,5.467423e-01
0.9850,5.479194e-01
0.9900,5.485790e-01
0.9950,5.503877e-01
1.0000,5.508702e-01
1.0050,5.525162e-01
1.0100,5.552221e-01
1.0150,5.576961e-01
1.0200,5.590763e-01
1.0250,5.596290e-01
1.0300,5.596726e-01
1.0350,5.597871e-01
1.0400,5.608069e-01
1.0450,5.637239e-01
1.0500,5.686303e-01
1.0550,5.746765e-01
1.0600,5.799475e-01
1.0650,5.833746e-01
1.0700,5.847867e-01
1.0750,5.850147e-01
1.0800,5.850492e-01
1.0850,5.855950e-01
1.0900,5.866647e-01
1.0950,5.876497e-01
1.1000,5.882023e-01
1.1050,5.889852e-01
1.1100,5.908832e-01
1.1150,5.940759e-01
1.1200,5.973636e-01
1.1250,5.994650e-01
1.1300,6.000789e-01
1.1350,6.000981e-01
1.1400,6.005764e-01
1.1450,6.013541e-01
1.1500,6.020543e-01
1.1550,6.061620e-01
1.1600,6.133426e-01
1.1650,6.211148e-01
1.1700,6.262423e-01
1.1750,6.269318e-01
1.1800,6.290786e-01
1.1850,6.308150e-01
1.1900,6.309972e-01
1.1950,6.309984e-01
1.2000,6.313979e-01
1.2050,6.317197e-01
1.2100,6.330589e-01
1.2150,6.346535e-01
1.2200,6.356875e-01
1.2250,6.360980e-01
1.2300,6.384820e-01
1.2350,6.423052e-01
1.2400,6.457713e-01
1.2450,6.478766e-01
1.2500,6.489184e-01
1.2550,6.493629e-01
1.2600,6.495991e-01
1.2650,6.499305e-01
1.2700,6.500689e-01
1.2750,6.502157e-01
1.2800,6.505617e-01
1.2850,6.520030e-01
1.2900,6.533099e-01
1.2950,6.535736e-01
1.3000,6.536862e-01
1.3050,6.540095e-01
1.3100,6.540155e-01
1.3150,6.544758e-01
1.3200,6.545591e-01
1.3250,6.560438e-01
1.3300,6.578165e-01
1.3350,6.587206e-01
1.3400,6.588574e-01
1.3450,6.588588e-01
1.3500,6.588636e-01
1.3550,6.588771e-01
1.3600,6.590618e-01
1.3650,6.595534e-01
1.3700,6.598368e-01
1.3750,6.609598e-01
1.3800,6.634018e-01
1.3850,6.659578e-01
1.3900,6.674551e-01
1.3950,6.680739e-01
1.4000,6.686114e-01
1.4050,6.692455e-01
1.4100,6.701498e-01
1.4150,6.712620e-01
1.4200,6.716213e-01
1.4250,6.718840e-01
1.4300,6.726176e-01
1.4350,6.755562e-01
1.4400,6.787970e-01
1.4450,6.801650e-01
1.4500,6.806246e-01
1.4550,6.812741e-01
1.4600,6.815984e-01
1.4650,6.816839e-01
1.4700,6.817161e-01
1.4750,6.818374e-01
1.4800,6.827300e-01
1.4850,6.833658e-01
1.4900,6.851180e-01
1.4950,6.897286e-01
1.5000,6.945770e-01
1.5050,6.976742e-01
1.5100,6.991129e-01
1.5150,6.997690e-01
1.5200,7.002609e-01
1.5250,7.004634e-01
1.5300,7.019189e-01
1.5350,7.055939e-01
1.5400,7.100174e-01
1.5450,7.125399e-01
1.5500,7.128810e-01
1.5550,7.145619e-01
1.5600,7.158839e-01
1.5650,7.163935e-01
1.5700,7.165188e-01
1.5750,7.166020e-01
1.5800,7.166806e-01
1.5850,7.169611e-01
1.5900,7.182412e-01
1.5950,7.208488e-01
1.6000,7.236251e-01
1.6050,7.252325e-01
1.6100,7.254843e-01
1.6150,7.261059e-01
1.6200,7.261256e-01
1.6250,7.283430e-01
1.6300,7.370305e-01
1.6350,7.522314e-01
1.6400,7.684234e-01
1.6450,7.811235e-01
1.6500,7.884011e-01
1.6550,7.924104e-01
1.6600,7.947736e-01
1.6650,7.958484e-01
1.6700,7.959811e-01
1.6750,7.968266e-01
1.6800,7.982425e-01
1.6850,8.000902e-01
1.6900,8.023497e-01
1.6950,8.039848e-01
1.7000,8.047948e-01
1.7050,8.097333e-01
1.7100,8.180586e-01
1.7150,8.267022e-01
1.7200,8.324000e-01
1.7250,8.347393e-01
1.7300,8.348496e-01
1.7350,8.349154e-01
1.7400,8.367030e-01
1.7450,8.407817e-01
1.7500,8.455693e-01
1.7550,8.492065e-01
1.7600,8.504488e-01
1.7650,8.509491e-01
1.7700,8.516682e-01
1.7750,8.517298e-01
1.7800,8.519004e-01
1.7850,8.538175e-01
1.7900,8.578412e-01
1.7950,8.632220e-01
1.8000,8.683464e-01
1.8050,8.722810e-01
1.8100,8.746071e-01
1.8150,8.756325e-01
1.8200,8.758790e-01
1.8250,8.759370e-01
1.8300,8.766055e-01
1.8350,8.774372e-01
1.8400,8.775450e-01
1.8450,8.785677e-01
1.8500,8.800231e-01
1.8550,8.810317e-01
1.8600,8.810666e-01
1.8650,8.819563e-01
1.8700,8.831917e-01
1.8750,8.841878e-01
1.8800,8.843016e-01
1.8850,8.865411e-01
1.8900,8.911563e-01
1.8950,8.971601e-01
1.9000,9.023827e-01
1.9050,9.057944e-01
1.9100,9.077425e-01
1.9150,9.090254e-01
1.9200,9.102178e-01
1.9250,9.112708e-01
1.9300,9.112978e-01
1.9350,9.130872e-01
1.9400,9.174604e-01
1.9450,9.244269e-01
1.9500,9.339619e-01
1.9550,9.463546e-01
1.9600,9.599177e-01
1.9650,9.728294e-01
1.9700,9.822865e-01
1.9750,9.872087e-01
1.9800,9.880358e-01
1.9850,9.951937e-01
1.9900,1.007692e+00
1.9950,1.021461e+00
2.0000,1.029834e+00
2.0050,1.031497e+00
2.0100,1.032917e+00
2.0150,1.033720e+00
2.0200,1.034097e+00
2.0250,1.035648e+00
2.0300,1.039104e+00
2.0350,1.043723e+00
2.0400,1.047008e+00
2.0450,1.048010e+00
2.0500,1.048634e+00
2.0550,1.049394e+00
2.0600,1.049841e+00
2.0650,1.050221e+00
2.0700,1.050249e+00
2.0750,1.051753e+00
2.0800,1.054883e+00
2.0850,1.058708e+00
2.0900,1.062038e+00
2.0950,1.064728e+00
2.1000,1.067565e+00
2.1050,1.071246e+00
2.1100,1.076094e+00
2.1150,1.080889e+00
2.1200,1.083444e+00
2.1250,1.083811e+00
2.1300,1.084169e+00
2.1350,1.087381e+00
2.1400,1.094220e+00
2.1450,1.103514e+00
2.1500,1.113397e+00
2.1550,1.123632e+00
2.1600,1.134465e+00
2.1650,1.146040e+00
2.1700,1.156409e+00
2.1750,1.163720e+00
2.1800,1.166853e+00
2.1850,1.167499e+00
2.1900,1.171180e+00
2.1950,1.177552e+00
2.2000,1.184960e+00
2.2050,1.192126e+00
2.2100,1.197702e+00
2.2150,1.201130e+00
2.2200,1.202424e+00
2.2250,1.202548e+00
2.2300,1.203266e+00
2.2350,1.203976e+00
2.2400,1.204569e+00
2.2450,1.205036e+00
2.2500,1.205377e+00
2.2550,1.205469e+00
2.2600,1.205588e+00
2.2650,1.205683e+00
2.2700,1.206213e+00
2.2750,1.207012e+00
2.2800,1.207913e+00
2.2850,1.208980e+00
2.2900,1.209911e+00
2.2950,1.210169e+00
2.3000,1.211064e+00
2.3050,1.213297e+00
2.3100,1.216577e+00
2.3150,1.220254e+00
2.3200,1.223560e+00
2.3250,1.225866e+00
2.3300,1.226801e+00
2.3350,1.227316e+00
2.3400,1.229200e+00
2.3450,1.232068e+00
2.3500,1.234805e+00
2.3550,1.236394e+00
2.3600,1.236706e+00
2.3650,1.236710e+00
2.3700,1.236800e+00
2.3750,1.238300e+00
2.3800,1.242024e+00
2.3850,1.246789e+00
2.3900,1.249418e+00
2.3950,1.252780e+00
2.4000,1.263721e+00
2.4050,1.281071e+00
2.4100,1.301599e+00
2.4150,1.322444e+00
2.4200,1.340280e+00
2.4250,1.353127e+00
2.4300,1.358833e+00
2.4350,1.360940e+00
2.4400,1.370690e+00
2.4450,1.386728e+00
2.4500,1.406466e+00
2.4550,1.428280e+00
2.4600,1.449801e+00
2.4650,1.469703e+00
2.4700,1.485526e+00
2.4750,1.495405e+00
2.4800,1.498690e+00
2.4850,1.501218e+00
2.4900,1.507644e+00
2.4950,1.515898e+00
2.5000,1.524304e+00
2.5050,1.531608e+00
2.5100,1.536553e+00
2.5150,1.538377e+00
2.5200,1.539742e+00
2.5250,1.544192e+00
2.5300,1.551452e+00
2.5350,1.561442e+00
2.5400,1.573279e+00
2.5450,1.585365e+00
2.5500,1.595488e+00
2.5550,1.601923e+00
2.5600,1.604290e+00
2.5650,1.604475e+00
2.5700,1.605196e+00
2.5750,1.605407e+00
2.5800,1.605527e+00
2.5850,1.605920e+00
2.5900,1.606307e+00
2.5950,1.606423e+00
2.6000,1.607266e+00
2.6050,1.608685e+00
2.6100,1.610135e+00
2.6150,1.611357e+00
2.6200,1.612317e+00
2.6250,1.613133e+00
2.6300,1.613452e+00
2.6350,1.614013e+00
2.6400,1.615841e+00
2.6450,1.618824e+00
2.6500,1.622635e+00
2.6550,1.626911e+00
2.6600,1.631437e+00
2.6650,1.636297e+00
2.6700,1.640796e+00
2.6750,1.644436e+00
2.6800,1.646692e+00
2.6850,1.647487e+00
2.6900,1.647943e+00
2.6950,1.649680e+00
2.7000,1.652796e+00
2.7050,1.657550e+00
2.7100,1.664353e+00
2.7150,1.673705e+00
2.7200,1.684817e+00
2.7250,1.696484e+00
2.7300,1.707150e+00
2.7350,1.715766e+00
2.7400,1.722087e+00
2.7450,1.725907e+00
2.7500,1.727847e+00
2.7550,1.729349e+00
2.7600,1.731090e+00
2.7650,1.732661e+00
2.7700,1.732933e+00
2.7750,1.734400e+00
2.7800,1.737859e+00
2.7850,1.744079e+00
2.7900,1.753506e+00
2.7950,1.765268e+00
2.8000,1.775791e+00
2.8050,1.783055e+00
2.8100,1.787451e+00
2.8150,1.790807e+00
2.8200,1.794520e+00
2.8250,1.798915e+00
2.8300,1.802966e+00
2.8350,1.805129e+00
2.8400,1.805899e+00
2.8450,1.808439e+00
2.8500,1.811534e+00
2.8550,1.815311e+00
2.8600,1.820238e+00
2.8650,1.826262e+00
2.8700,1.832004e+00
2.8750,1.836009e+00
2.8800,1.838267e+00
2.8850,1.839994e+00
2.8900,1.841171e+00
2.8950,1.841270e+00
2.9000,1.842229e+00
2.9050,1.842811e+00
2.9100,1.843051e+00
2.9150,1.843417e+00
2.9200,1.843908e+00
2.9250,1.846702e+00
2.9300,1.852490e+00
2.9350,1.859824e+00
2.9400,1.865426e+00
2.9450,1.868224e+00
2.9500,1.869085e+00
2.9550,1.869141e+00
2.9600,1.869188e+00
2.9650,1.869410e+00
2.9700,1.869410e+00
2.9750,1.870144e+00
2.9800,1.871687e+00
2.9850,1.873437e+00
2.9900,1.874791e+00
2.9950,1.875610e+00
3.0000,1.875686e+00
3.0050,1.876578e+00
3.0100,1.878056e+00
3.0150,1.880308e+00
3.0200,1.884205e+00
3.0250,1.890746e+00
3.0300,1.900601e+00
3.0350,1.912886e+00
3.0400,1.923993e+00
3.0450,1.931551e+00
3.0500,1.934450e+00
3.0550,1.934668e+00
3.0600,1.936470e+00
3.0650,1.939260e+00
3.0700,1.942563e+00
3.0750,1.946138e+00
3.0800,1.950156e+00
3.0850,1.955393e+00
3.0900,1.962050e+00
3.0950,1.969493e+00
3.1000,1.976065e+00
3.1050,1.980709e+00
3.1100,1.983530e+00
3.1150,1.985363e+00
3.1200,1.986640e+00
3.1250,1.986802e+00
3.1300,1.989866e+00
3.1350,1.998292e+00
3.1400,2.012811e+00
3.1450,2.032375e+00
3.1500,2.053654e+00
3.1550,2.074394e+00
3.1600,2.091713e+00
3.1650,2.104675e+00
3.1700,2.112699e+00
3.1750,2.116859e+00
3.1800,2.118717e+00
3.1850,2.119031e+00
3.1900,2.119337e+00
3.1950,2.120409e+00
3.2000,2.122518e+00
3.2050,2.124610e+00
3.2100,2.125016e+00
3.2150,2.126318e+00
3.2200,2.129177e+00
3.2250,2.133207e+00
3.2300,2.138436e+00
3.2350,2.145242e+00
3.2400,2.152953e+00
3.2450,2.160681e+00
3.2500,2.166739e+00
3.2550,2.170408e+00
3.2600,2.171873e+00
3.2650,2.172060e+00
3.2700,2.172722e+00
3.2750,2.173856e+00
3.2800,2.175046e+00
3.2850,2.176198e+00
3.2900,2.177620e+00
3.2950,2.179378e+00
3.3000,2.180924e+00
3.3050,2.181796e+00
3.3100,2.182028e+00
3.3150,2.182074e+00
3.3200,2.182119e+00
3.3250,2.182139e+00
3.3300,2.182172e+00
3.3350,2.182182e+00
3.3400,2.182286e+00
3.3450,2.182616e+00
3.3500,2.183450e+00
3.3550,2.185082e+00
3.3600,2.187375e+00
3.3650,2.189444e+00
3.3700,2.190218e+00
3.3750,2.190747e+00
3.3800,2.191852e+00
3.3850,2.192248e+00
3.3900,2.194959e+00
3.3950,2.203335e+00
3.4000,2.216113e+00
3.4050,2.229612e+00
3.4100,2.240984e+00
3.4150,2.250549e+00
3.4200,2.259567e+00
3.4250,2.268807e+00
3.4300,2.277670e+00
3.4350,2.284978e+00
3.4400,2.289530e+00
3.4450,2.291434e+00
3.4500,2.291536e+00
3.4550,2.292985e+00
3.4600,2.296820e+00
3.4650,2.304774e+00
3.4700,2.318998e+00
3.4750,2.333911e+00
3.4800,2.341217e+00
3.4850,2.345239e+00
3.4900,2.355340e+00
3.4950,2.363814e+00
3.5000,2.368005e+00
3.5050,2.369700e+00
3.5100,2.370541e+00
3.5150,2.371049e+00
3.5200,2.371163e+00
3.5250,2.372007e+00
3.5300,2.373914e+00
3.5350,2.378050e+00
3.5400,2.384396e+00
3.5450,2.391633e+00
3.5500,2.397299e+00
3.5550,2.399943e+00
3.5600,2.401677e+00
3.5650,2.410220e+00
3.5700,2.424527e+00
3.5750,2.439466e+00
3.5800,2.449725e+00
3.5850,2.455181e+00
3.5900,2.457223e+00
3.5950,2.457537e+00
3.6000,2.459912e+00
3.6050,2.464034e+00
3.6100,2.469285e+00
3.6150,2.475605e+00
3.6200,2.481644e+00
3.6250,2.485536e+00
3.6300,2.487084e+00
3.6350,2.494266e+00
3.6400,2.503576e+00
3.6450,2.512430e+00
3.6500,2.519555e+00
3.6550,2.526359e+00
3.6600,2.534017e+00
3.6650,2.542570e+00
3.6700,2.549884e+00
3.6750,2.553841e+00
3.6800,2.554186e+00
3.6850,2.555735e+00
3.6900,2.557867e+00
3.6950,2.560623e+00
3.7000,2.564273e+00
3.7050,2.568673e+00
3.7100,2.573169e+00
3.7150,2.576427e+00
3.7200,2.579059e+00
3.7250,2.583526e+00
3.7300,2.590535e+00
3.7350,2.598859e+00
3.7400,2.605882e+00
3.7450,2.610140e+00
3.7500,2.611390e+00
3.7550,2.613174e+00
3.7600,2.619912e+00
3.7650,2.634082e+00
3.7700,2.653235e+00
3.7750,2.671918e+00
3.7800,2.684291e+00
3.7850,2.691030e+00
3.7900,2.694928e+00
3.7950,2.697994e+00
3.8000,2.702160e+00
3.8050,2.707703e+00
3.8100,2.713902e+00
3.8150,2.719730e+00
3.8200,2.724575e+00
3.8250,2.728777e+00
3.8300,2.732791e+00
3.8350,2.736456e+00
3.8400,2.738430e+00
3.8450,2.738873e+00
3.8500,2.741678e+00
3.8550,2.745891e+00
3.8600,2.750153e+00
3.8650,2.753936e+00
3.8700,2.756668e+00
3.8750,2.759062e+00
3.8800,2.762636e+00
3.8850,2.767084e+00
3.8900,2.772451e+00
3.8950,2.779542e+00
3.9000,2.787518e+00
3.9050,2.795073e+00
3.9100,2.800334e+00
3.9150,2.802697e+00
3.9200,2.803451e+00
3.9250,2.807922e+00
3.9300,2.818145e+00
3.9350,2.836246e+00
3.9400,2.860984e+00
3.9450,2.887980e+00
3.9500,2.909855e+00
3.9550,2.925201e+00
3.9600,2.935455e+00
3.9650,2.942764e+00
3.9700,2.948896e+00
3.9750,2.953423e+00
3.9800,2.955656e+00
3.9850,2.955932e+00
3.9900,2.957127e+00
3.9950,2.961541e+00
4.0000,2.972124e+00
4.0050,2.988017e+00
4.0100,3.004151e+00
4.0150,3.016329e+00
4.0200,3.020852e+00
4.0250,3.021947e+00
4.0300,3.025850e+00
4.0350,3.031332e+00
4.0400,3.037177e+00
4.0450,3.043214e+00
4.0500,3.049071e+00
4.0550,3.054623e+00
4.0600,3.059464e+00
4.0650,3.063054e+00
4.0700,3.064959e+00
4.0750,3.065496e+00
4.0800,3.065852e+00
4.0850,3.066347e+00
4.0900,3.066427e+00
4.0950,3.068359e+00
4.1000,3.074048e+00
4.1050,3.083058e+00
4.1100,3.092304e+00
4.1150,3.098744e+00
4.1200,3.099726e+00
4.1250,3.108378e+00
4.1300,3.124368e+00
4.1350,3.146158e+00
4.1400,3.169777e+00
4.1450,3.192767e+00
4.1500,3.210030e+00
4.1550,3.219168e+00
4.1600,3.222069e+00
4.1650,3.238470e+00
4.1700,3.267043e+00
4.1750,3.304522e+00
4.1800,3.346380e+00
4.1850,3.391586e+00
4.1900,3.437300e+00
4.1950,3.480922e+00
4.2000,3.514870e+00
4.2050,3.535895e+00
4.2100,3.543157e+00
4.2150,3.547182e+00
4.2200,3.560177e+00
4.2250,3.581928e+00
4.2300,3.610877e+00
4.2350,3.645800e+00
4.2400,3.682929e+00
4.2450,3.719420e+00
4.2500,3.752338e+00
4.2550,3.781210e+00
4.2600,3.805552e+00
4.2650,3.825659e+00
4.2700,3.842152e+00
4.2750,3.854371e+00
4.2800,3.862164e+00
4.2850,3.865999e+00
4.2900,3.867206e+00
4.2950,3.867515e+00
4.3000,3.869776e+00
4.3050,3.875604e+00
4.3100,3.886587e+00
4.3150,3.902493e+00
4.3200,3.919816e+00
4.3250,3.934961e+00
4.3300,3.944380e+00
4.3350,3.947654e+00
4.3400,3.950680e+00
4.3450,3.959370e+00
4.3500,3.972053e+00
4.3550,3.984370e+00
4.3600,3.990010e+00
4.3650,3.995640e+00
4.3700,4.010714e+00
4.3750,4.029588e+00
4.3800,4.048310e+00
4.3850,4.066969e+00
4.3900,4.085566e+00
4.3950,4.102223e+00
4.4000,4.112617e+00
4.4050,4.113618e+00
4.4100,4.121885e+00
4.4150,4.135918e+00
4.4200,4.151738e+00
4.4250,4.168859e+00
4.4300,4.185849e+00
4.4350,4.201865e+00
4.4400,4.214402e+00
4.4450,4.222457e+00
4.4500,4.226419e+00
4.4550,4.226835e+00
4.4600,4.231497e+00
4.4650,4.245065e+00
4.4700,4.270772e+00
4.4750,4.307415e+00
4.4800,4.347232e+00
4.4850,4.385164e+00
4.4900,4.416496e+00
4.4950,4.439739e+00
4.5000,4.451538e+00
4.5050,4.451650e+00
4.5100,4.463546e+00
4.5150,4.484442e+00
4.5200,4.510331e+00
4.5250,4.537776e+00
4.5300,4.561680e+00
4.5350,4.579316e+00
4.5400,4.588849e+00
4.5450,4.590724e+00
4.5500,4.594366e+00
4.5550,4.600130e+00
4.5600,4.604652e+00
4.5650,4.606604e+00
4.5700,4.606671e+00
4.5750,4.607271e+00
4.5800,4.609130e+00
4.5850,4.620253e+00
4.5900,4.650172e+00
4.5950,4.706910e+00
4.6000,4.786931e+00
4.6050,4.879260e+00
4.6100,4.967117e+00
4.6150,5.042936e+00
4.6200,5.103087e+00
4.6250,5.149753e+00
4.6300,5.185352e+00
4.6350,5.210095e+00
4.6400,5.226226e+00
4.6450,5.233133e+00
4.6500,5.233923e+00
4.6550,5.241269e+00
4.6600,5.253085e+00
4.6650,5.269296e+00
4.6700,5.291879e+00
4.6750,5.322107e+00
4.6800,5.360343e+00
4.6850,5.403818e+00
4.6900,5.446207e+00
4.6950,5.484283e+00
4.7000,5.514512e+00
4.7050,5.537673e+00
4.7100,5.556661e+00
4.7150,5.573002e+00
4.7200,5.588043e+00
4.7250,5.601968e+00
4.7300,5.614476e+00
4.7350,5.625650e+00
4.7400,5.635644e+00
4.7450,5.644597e+00
4.7500,5.652980e+00
4.7550,5.660616e+00
4.7600,5.667650e+00
4.7650,5.674642e+00
4.7700,5.680704e+00
4.7750,5.685098e+00
4.7800,5.688029e+00
4.7850,5.690151e+00
4.7900,5.693141e+00
4.7950,5.697052e+00
4.8000,5.701502e+00
4.8050,5.705837e+00
4.8100,5.710087e+00
4.8150,5.714808e+00
4.8200,5.718777e+00
4.8250,5.720648e+00
4.8300,5.721964e+00
4.8350,5.726143e+00
4.8400,5.733638e+00
4.8450,5.747123e+00
4.8500,5.771048e+00
4.8550,5.810436e+00
4.8600,5.865495e+00
4.8650,5.932655e+00
4.8700,6.004403e+00
4.8750,6.077016e+00
4.8800,6.152763e+00
4.8850,6.237448e+00
4.8900,6.329715e+00
4.8950,6.420176e+00
4.9000,6.487087e+00
4.9050,6.519876e+00
4.9100,6.521860e+00
4.9150,6.553322e+00
4.9200,6.606152e+00
4.9250,6.679779e+00
4.9300,6.771352e+00
4.9350,6.876490e+00
4.9400,6.985390e+00
4.9450,7.088017e+00
4.9500,7.173457e+00
4.9550,7.242032e+00
4.9600,7.288761e+00
4.9650,7.312621e+00
4.9700,7.316108e+00
4.9750,7.329112e+00
4.9800,7.353879e+00
4.9850,7.392257e+00
4.9900,7.449501e+00
4.9950,7.528103e+00
5.0000,7.618513e+00
5.0050,7.709168e+00
5.0100,7.784325e+00
5.0150,7.841508e+00
5.0200,7.882247e+00
5.0250,7.908013e+00
5.0300,7.915653e+00
5.0350,7.930029e+00
5.0400,7.971591e+00
5.0450,8.030964e+00
5.0500,8.094356e+00
5.0550,8.153442e+00
5.0600,8.203735e+00
5.0650,8.245864e+00
5.0700,8.274552e+00
5.0750,8.284950e+00
5.0800,8.290139e+00
5.0850,8.299705e+00
5.0900,8.301933e+00
5.0950,8.303920e+00
5.1000,8.315447e+00
5.1050,8.354237e+00
5.1100,8.419271e+00
5.1150,8.505930e+00
5.1200,8.611768e+00
5.1250,8.746385e+00
5.1300,8.919310e+00
5.1350,9.135462e+00
5.1400,9.370587e+00
5.1450,9.588108e+00
5.1500,9.732464e+00
5.1550,9.784629e+00
5.1600,9.818249e+00
5.1650,9.867643e+00
5.1700,1.245836e+01
5.1750,1.647661e+01
5.1800,1.707296e+01
5.1850,1.787276e+01
5.1900,1.861872e+01
5.1950,1.914204e+01
5.2000,1.939986e+01
5.2050,1.949965e+01
5.2100,1.951954e+01
5.2150,1.958799e+01
5.2200,1.974231e+01
5.2250,1.995066e+01
5.2300,2.006474e+01
5.2350,2.011240e+01
5.2400,2.029397e+01
5.2450,2.054022e+01
5.2500,4.667707e+01
5.2550,4.723421e+01
5.2600,4.732342e+01
5.2650,4.758432e+01
5.2700,4.786878e+01
5.2750,4.795582e+01
5.2800,4.840068e+01
5.2850,4.937050e+01
5.2900,5.065312e+01
5.2950,5.203150e+01
5.3000,5.322495e+01
5.3050,5.418256e+01
5.3100,5.477052e+01
5.3150,5.495123e+01
5.3200,5.518425e+01
5.3250,5.581748e+01
5.3300,5.680267e+01
5.3350,5.811951e+01
5.3400,5.974400e+01
5.3450,6.157752e+01
5.3500,6.343594e+01
5.3550,7.994174e+01
5.3600,8.034485e+01
5.3650,8.066308e+01
5.3700,8.091213e+01
5.3750,8.113841e+01
5.3800,8.136067e+01
5.3850,8.156320e+01
5.3900,8.170889e+01
5.3950,8.177218e+01
5.4000,8.177860e+01
5.4050,8.178240e+01
5.4100,8.179687e+01
5.4150,8.180469e+01
5.4200,8.186038e+01
5.4250,8.193388e+01
5.4300,8.196206e+01
5.4350,8.200844e+01
5.4400,8.209580e+01
5.4450,8.216116e+01
5.4500,8.216252e+01
5.4550,8.223093e+01
5.4600,8.235066e+01
5.4650,8.250687e+01
5.4700,8.272700e+01
5.4750,8.305986e+01
5.4800,8.358477e+01
5.4850,8.433824e+01
5.4900,8.526467e+01
5.4950,1.165490e+02
5.5000,1.188479e+02
5.5050,1.210658e+02
5.5100,1.234009e+02
5.5150,1.258845e+02
5.5200,1.284306e+02
5.5250,1.308461e+02
5.5300,1.328377e+02
5.5350,1.343547e+02
5.5400,1.354074e+02
5.5450,1.360920e+02
5.5500,1.364566e+02
5.5550,1.364580e+02
5.5600,1.369688e+02
5.5650,1.380642e+02
5.5700,1.398049e+02
5.5750,1.421778e+02
5.5800,1.451114e+02
5.5850,1.486271e+02
5.5900,1.525202e+02
5.5950,1.920437e+02
5.6000,1.942281e+02
5.6050,1.975772e+02
5.6100,2.022354e+02
5.6150,2.380177e+02
5.6200,2.441184e+02
5.6250,2.559715e+02
5.6300,2.656065e+02
5.6350,2.793773e+02
5.6400,2.979045e+02
5.6450,3.206717e+02
5.6500,3.482899e+02
5.6550,3.816575e+02
5.6600,4.195624e+02
5.6650,4.601659e+02
5.6700,4.998661e+02
5.6750,5.362819e+02
5.6800,5.666627e+02
5.6850,5.903750e+02
5.6900,6.070775e+02
5.6950,6.176358e+02
5.7000,6.228394e+02
5.7050,6.235716e+02
5.7100,6.265988e+02
5.7150,6.323713e+02
5.7200,6.396291e+02
5.7250,6.465064e+02
5.7300,6.509697e+02
5.7350,6.510202e+02
5.7400,6.575079e+02
5.7450,6.721277e+02
5.7500,7.580926e+02
5.7550,7.671133e+02
5.7600,7.785717e+02
5.7650,7.926097e+02
5.7700,8.431108e+02
5.7750,9.623289e+02
5.7800,1.116052e+03
5.7850,1.219393e+03
5.7900,1.289159e+03
5.7950,1.353833e+03
5.8000,1.424469e+03
5.8050,1.484854e+03
5.8100,1.525435e+03
5.8150,1.557287e+03
5.8200,1.579712e+03
5.8250,1.591901e+03
5.8300,1.591961e+03
5.8350,1.605359e+03
5.8400,1.633378e+03
5.8450,1.675544e+03
5.8500,1.730172e+03
5.8550,1.794773e+03
5.8600,1.865125e+03
5.8650,1.937695e+03
5.8700,2.007238e+03
5.8750,2.069565e+03
5.8800,2.120345e+03
5.8850,2.145849e+03
5.8900,2.156333e+03
5.8950,2.161787e+03
5.9000,2.165112e+03
5.9050,3.457042e+03
5.9100,4.643000e+03
5.9150,4.660154e+03
5.9200,4.679414e+03
5.9250,4.699592e+03
5.9300,4.719357e+03
5.9350,4.745473e+03
5.9400,4.767310e+03
5.9450,4.779196e+03
5.9500,4.785388e+03
5.9550,4.786572e+03
5.9600,4.798410e+03
5.9650,4.816457e+03
5.9700,4.839521e+03
5.9750,4.866414e+03
5.9800,4.895079e+03
5.9850,4.925856e+03
5.9900,4.957474e+03
5.9950,4.989501e+03
6.0000,5.021138e+03
6.0050,5.051438e+03
6.0100,5.109790e+03
6.0150,5.109977e+03
6.0200,5.124090e+03
6.0250,5.140094e+03
6.0300,5.152103e+03
6.0350,5.160081e+03
6.0400,5.162995e+03
6.0450,5.166206e+03
6.0500,5.176898e+03
6.0550,5.195131e+03
6.0600,5.218792e+03
6.0650,5.241096e+03
6.0700,5.270209e+03
6.0750,5.294117e+03
6.0800,5.314424e+03
6.0850,5.330748e+03
6.0900,5.344218e+03
6.0950,5.355202e+03
6.1000,5.363705e+03
6.1050,5.369773e+03
6.1100,5.373549e+03
6.1150,5.375365e+03
6.1200,5.375671e+03
6.1250,5.376423e+03
6.1300,5.377769e+03
6.1350,5.379231e+03
6.1400,5.380268e+03
6.1450,5.380345e+03
6.1500,5.381800e+03
6.1550,5.385460e+03
6.1600,5.392159e+03
6.1650,5.402734e+03
6.1700,5.459357e+03
6.1750,5.466180e+03
6.1800,5.474646e+03
6.1850,5.484905e+03
6.1900,5.500665e+03
6.1950,5.533135e+03
6.2000,5.568095e+03
6.2050,5.983031e+03
6.2100,6.392544e+03
6.2150,6.431771e+03
6.2200,6.470446e+03
6.2250,6.507568e+03
6.2300,6.540053e+03
6.2350,6.565226e+03
6.2400,6.578826e+03
6.2450,6.579062e+03
6.2500,6.592420e+03
6.2550,6.616853e+03
6.2600,6.648686e+03
6.2650,6.685500e+03
6.2700,6.724579e+03
6.2750,6.764570e+03
6.2800,6.802894e+03
6.2850,6.837665e+03
6.2900,6.865003e+03
6.2950,6.874553e+03
6.3000,6.881051e+03
6.3050,6.884742e+03
6.3100,7.579787e+03
6.3150,7.810369e+03
6.3200,7.820852e+03
6.3250,7.836116e+03
6.3300,7.854208e+03
6.3350,7.873066e+03
6.3400,7.894661e+03
6.3450,7.912378e+03
6.3500,7.926448e+03
6.3550,7.936142e+03
6.3600,7.939606e+03
6.3650,7.941191e+03
6.3700,7.946869e+03
6.3750,7.955587e+03
6.3800,7.965339e+03
6.3850,7.975287e+03
6.3900,7.984542e+03
6.3950,7.993483e+03
6.4000,8.003617e+03
6.4050,8.015784e+03
6.4100,8.031269e+03
6.4150,8.048859e+03
6.4200,8.067168e+03
6.4250,8.084172e+03
6.4300,8.097684e+03
6.4350,8.105188e+03
6.4400,8.109580e+03
6.4450,8.114989e+03
6.4500,8.124673e+03
6.4550,8.330519e+03
6.4600,8.564625e+03
6.4650,8.601451e+03
6.4700,8.804189e+03
6.4750,9.110940e+03
6.4800,9.273653e+03
6.4850,9.333296e+03
6.4900,9.377722e+03
6.4950,9.411367e+03
6.5000,9.431877e+03
6.5050,9.440758e+03
6.5100,9.441017e+03
6.5150,9.447245e+03
6.5200,9.456246e+03
6.5250,9.463962e+03
6.5300,9.466170e+03
6.5350,9.951607e+03
6.5400,1.076146e+04
6.5450,1.105544e+04
6.5500,1.110926e+04
6.5550,1.116150e+04
6.5600,1.117456e+04
6.5650,1.117987e+04
6.5700,1.118389e+04
6.5750,1.119734e+04
6.5800,1.121759e+04
6.5850,1.123976e+04
6.5900,1.125549e+04
6.5950,1.125566e+04
6.6000,1.128205e+04
6.6050,1.138259e+04
6.6100,4.731166e+04
6.6150,4.968928e+04
6.6200,4.981871e+04
6.6250,4.991490e+04
6.6300,4.997965e+04
6.6350,5.002918e+04
6.6400,5.017479e+04
6.6450,5.050314e+04
6.6500,5.080788e+04
6.6550,5.108972e+04
6.6600,5.134662e+04
6.6650,5.157675e+04
6.6700,5.177335e+04
6.6750,5.193122e+04
6.6800,5.204387e+04
6.6850,5.211066e+04
6.6900,5.213282e+04
6.6950,5.215172e+04
6.7000,5.220585e+04
6.7050,5.229110e+04
6.7100,5.240024e+04
6.7150,5.252887e+04
6.7200,5.267186e+04
6.7250,5.282643e+04
6.7300,5.298986e+04
6.7350,5.500059e+04
6.7400,5.719242e+04
6.7450,5.736075e+04
6.7500,5.751669e+04
6.7550,5.761301e+04
6.7600,5.777947e+04
6.7650,5.794329e+04
6.7700,5.797726e+04
6.7750,5.812140e+04
6.7800,5.814996e+04
6.7850,5.816131e+04
6.7900,5.898578e+04
6.7950,5.967280e+04
6.8000,5.969143e+04
6.8050,5.971063e+04
6.8100,5.972289e+04
6.8150,5.972795e+04
6.8200,5.975641e+04
6.8250,5.984354e+04
6.8300,5.996045e+04
6.8350,6.007021e+04
6.8400,6.025942e+04
6.8450,6.045670e+04
6.8500,6.058678e+04
6.8550,6.068924e+04
6.8600,6.072573e+04
6.8650,6.077853e+04
6.8700,6.095360e+04
6.8750,6.125511e+04
6.8800,6.166893e+04
6.8850,6.215365e+04
6.8900,6.262200e+04
6.8950,6.300810e+04
6.9000,6.324681e+04
6.9050,6.334301e+04
6.9100,6.334445e+04
6.9150,6.371574e+04
6.9200,6.558622e+04
6.9250,7.934336e+04
6.9300,1.004922e+05
6.9350,8.634765e+05
6.9400,9.768089e+05
6.9450,9.790653e+05
6.9500,9.853203e+05
6.9550,9.912446e+05
6.9600,9.949231e+05
6.9650,1.002367e+06
6.9700,1.009599e+06
6.9750,1.016330e+06
6.9800,1.022211e+06
6.9850,1.027105e+06
6.9900,1.030845e+06
6.9950,1.033441e+06
7.0000,1.034917e+06
7.0050,1.035426e+06
7.0100,1.035710e+06
7.0150,1.036561e+06
7.0200,1.038047e+06
7.0250,1.039770e+06
7.0300,1.040988e+06
7.0350,1.140076e+06
7.0400,1.251249e+06
7.0450,1.252733e+06
7.0500,1.287613e+06
7.0550,1.325121e+06
7.0600,1.326373e+06
7.0650,1.328432e+06
7.0700,1.330080e+06
7.0750,1.332476e+06
7.0800,1.334962e+06
7.0850,1.337382e+06
7.0900,1.339595e+06
7.0950,1.341526e+06
7.1000,1.343115e+06
7.1050,1.344361e+06
7.1100,1.345315e+06
7.1150,1.346033e+06
7.1200,1.346609e+06
7.1250,1.347087e+06
7.1300,1.347495e+06
7.1350,1.347833e+06
7.1400,1.375265e+06
7.1450,1.389028e+06
7.1500,1.389063e+06
7.1550,1.389240e+06
7.1600,1.389595e+06
7.1650,1.422589e+06
7.1700,1.449620e+06
7.1750,1.450091e+06
7.1800,1.481910e+06
7.1850,1.530001e+06
7.1900,1.589871e+06
7.1950,1.668633e+06
7.2000,1.677936e+06
7.2050,1.684085e+06
7.2100,1.691502e+06
7.2150,1.697216e+06
7.2200,1.720116e+06
7.2250,1.726431e+06
7.2300,1.729055e+06
7.2350,1.729719e+06
7.2400,1.732205e+06
7.2450,1.735687e+06
7.2500,1.736782e+06
7.2550,1.739564e+06
7.2600,1.741118e+06
7.2650,1.746281e+06
7.2700,1.751178e+06
7.2750,1.755939e+06
7.2800,1.760665e+06
7.2850,1.765540e+06
7.2900,1.770628e+06
7.2950,1.775840e+06
7.3000,1.780826e+06
7.3050,2.094030e+06
7.3100,2.358503e+06
7.3150,2.361983e+06
7.3200,2.443640e+06
7.3250,2.510333e+06
7.3300,2.512408e+06
7.3350,2.513817e+06
7.3400,2.514539e+06
7.3450,2.518834e+06
7.3500,2.522386e+06
7.3550,2.522390e+06
7.3600,2.543025e+06
7.3650,2.577982e+06
7.3700,2.579689e+06
7.3750,2.581170e+06
7.3800,2.582130e+06
7.3850,2.582433e+06
7.3900,2.602046e+06
7.3950,2.624621e+06
7.4000,2.626785e+06
7.4050,3.161989e+06
7.4100,3.813860e+06
7.4150,3.875379e+06
7.4200,3.893629e+06
7.4250,3.930981e+06
7.4300,3.931673e+06
7.4350,3.938182e+06
7.4400,3.950413e+06
7.4450,3.968848e+06
7.4500,3.983620e+06
7.4550,3.993612e+06
7.4600,4.000205e+06
7.4650,4.004078e+06
7.4700,4.005872e+06
7.4750,4.006101e+06
7.4800,4.006470e+06
7.4850,4.007087e+06
7.4900,4.010821e+06
7.4950,4.015950e+06
7.5000,4.016845e+06
7.5050,4.017592e+06
7.5100,4.017997e+06
7.5150,4.018091e+06
7.5200,4.018621e+06
7.5250,4.588812e+06
7.5300,5.247183e+06
7.5350,5.249630e+06
7.5400,5.453161e+06
7.5450,5.673006e+06
7.5500,5.676455e+06
7.5550,5.685740e+06
7.5600,5.685854e+06
7.5650,5.688453e+06
7.5700,5.692959e+06
7.5750,5.697518e+06
7.5800,5.701824e+06
7.5850,5.705811e+06
7.5900,5.709545e+06
7.5950,5.713218e+06
7.6000,5.717197e+06
7.6050,5.741190e+06
7.6100,5.765723e+06
7.6150,5.769894e+06
7.6200,5.773512e+06
7.6250,5.779889e+06
7.6300,5.798148e+06
7.6350,5.805867e+06
7.6400,5.806601e+06
7.6450,5.806890e+06
7.6500,5.807442e+06
7.6550,5.808889e+06
7.6600,5.810941e+06
7.6650,5.834199e+06
7.6700,5.859643e+06
7.6750,5.902191e+06
7.6800,5.973894e+06
7.6850,5.998722e+06
7.6900,6.042451e+06
7.6950,6.051165e+06
7.7000,6.055279e+06
7.7050,6.059674e+06
7.7100,6.062556e+06
7.7150,6.063299e+06
7.7200,6.071217e+06
7.7250,6.078357e+06
7.7300,6.079868e+06
7.7350,6.080642e+06
7.7400,6.080775e+06
7.7450,6.081937e+06
7.7500,6.084159e+06
7.7550,6.106841e+06
7.7600,6.160312e+06
7.7650,6.220060e+06
7.7700,6.224133e+06
7.7750,6.654008e+06
7.7800,7.082324e+06
7.7850,7.086000e+06
7.7900,7.272396e+06
7.7950,7.382729e+06
7.8000,7.384090e+06
7.8050,7.385460e+06
7.8100,7.387092e+06
7.8150,7.389117e+06
7.8200,7.391501e+06
7.8250,7.393969e+06
7.8300,7.395945e+06
7.8350,7.397208e+06
7.8400,7.397610e+06
7.8450,7.397967e+06
7.8500,7.398711e+06
7.8550,7.399612e+06
7.8600,7.400257e+06
7.8650,7.400487e+06
7.8700,7.400700e+06
7.8750,7.410397e+06
7.8800,7.422415e+06
7.8850,7.422871e+06
7.8900,7.423536e+06
7.8950,7.423798e+06
7.9000,7.424743e+06
7.9050,7.427122e+06
7.9100,7.427254e+06
7.9150,7.449210e+06
7.9200,7.479707e+06
7.9250,7.480436e+06
7.9300,7.486539e+06
7.9350,7.490848e+06
7.9400,7.501472e+06
7.9450,7.503092e+06
7.9500,7.510008e+06
7.9550,7.519565e+06
7.9600,7.528881e+06
7.9650,7.537380e+06
7.9700,7.541986e+06
7.9750,7.545551e+06
7.9800,7.550427e+06
7.9850,7.554251e+06
7.9900,7.679044e+06
7.9950,7.797171e+06
8.0000,7.797728e+06
8.0050,7.798004e+06
8.0100,7.798724e+06
8.0150,7.799443e+06
8.0200,7.799878e+06
8.0250,7.802454e+06
8.0300,7.845906e+06
8.0350,7.887202e+06
8.0400,7.888357e+06
8.0450,7.889865e+06
8.0500,7.891631e+06
8.0550,7.893509e+06
8.0600,7.895341e+06
8.0650,7.896956e+06
8.0700,7.898226e+06
8.0750,7.899149e+06
8.0800,7.899836e+06
8.0850,8.096408e+06
8.0900,8.321417e+06
8.0950,8.322449e+06
8.1000,8.344804e+06
8.1050,8.362688e+06
8.1100,8.380541e+06
8.1150,8.402152e+06
8.1200,8.416785e+06
8.1250,8.425824e+06
8.1300,8.436395e+06
8.1350,8.665115e+06
8.1400,8.854001e+06
8.1450,8.862549e+06
8.1500,8.868404e+06
8.1550,8.871947e+06
8.1600,8.874263e+06
8.1650,8.875662e+06
8.1700,8.876712e+06
8.1750,8.877511e+06
8.1800,8.878160e+06
8.1850,8.878599e+06
8.1900,8.878667e+06
8.1950,8.878985e+06
8.2000,8.879703e+06
8.2050,8.880601e+06
8.2100,8.881397e+06
8.2150,8.881703e+06
8.2200,8.882191e+06
8.2250,9.448631e+06
8.2300,1.008854e+07
8.2350,1.009192e+07
8.2400,1.033912e+07
8.2450,1.058321e+07
8.2500,1.058715e+07
8.2550,1.058893e+07
8.2600,1.059080e+07
8.2650,1.059954e+07
8.2700,1.059997e+07
8.2750,1.060082e+07
8.2800,1.060292e+07
8.2850,1.060469e+07
8.2900,1.060580e+07
8.2950,1.060633e+07
8.3000,1.101113e+07
8.3050,1.138712e+07
8.3100,1.138842e+07
8.3150,1.145057e+07
8.3200,1.150942e+07
8.3250,1.154225e+07
8.3300,1.157252e+07
8.3350,1.157277e+07
8.3400,1.157319e+07
8.3450,1.157379e+07
8.3500,1.157463e+07
8.3550,1.157481e+07
8.3600,1.157500e+07
8.3650,1.157631e+07
8.3700,1.158793e+07
8.3750,1.160105e+07
8.3800,1.160423e+07
8.3850,1.160477e+07
8.3900,1.160764e+07
8.3950,1.160966e+07
8.4000,1.161292e+07
8.4050,1.161545e+07
8.4100,1.161865e+07
8.4150,1.162141e+07
8.4200,1.162427e+07
8.4250,1.162708e+07
8.4300,1.162973e+07
8.4350,1.163210e+07
8.4400,1.163415e+07
8.4450,1.163590e+07
8.4500,1.165100e+07
8.4550,1.166626e+07
8.4600,1.167069e+07
8.4650,1.167493e+07
8.4700,1.167614e+07
8.4750,1.167731e+07
8.4800,1.167844e+07
8.4850,1.167957e+07
8.4900,1.168612e+07
8.4950,1.169282e+07
8.5000,1.169437e+07
8.5050,1.172029e+07
8.5100,1.174843e+07
8.5150,1.175069e+07
8.5200,1.175640e+07
8.5250,1.176101e+07
8.5300,1.176248e+07
8.5350,1.176296e+07
8.5400,1.176330e+07
8.5450,1.176351e+07
8.5500,1.180010e+07
8.5550,1.185090e+07
8.5600,1.185147e+07
8.5650,1.185194e+07
8.5700,1.185229e+07
8.5750,1.185248e+07
8.5800,1.185270e+07
8.5850,1.185295e+07
8.5900,1.185341e+07
8.5950,1.185343e+07
8.6000,1.185355e+07
8.6050,1.185375e+07
8.6100,1.185413e+07
8.6150,1.185469e+07
8.6200,1.185544e+07
8.6250,1.185642e+07
8.6300,1.186192e+07
8.6350,1.186211e+07
8.6400,1.186220e+07
8.6450,1.186325e+07
8.6500,1.186645e+07
8.6550,1.187001e+07
8.6600,1.187319e+07
8.6650,1.187587e+07
8.6700,1.187799e+07
8.6750,1.187963e+07
8.6800,1.188094e+07
8.6850,1.192993e+07
8.6900,1.198154e+07
8.6950,1.198286e+07
8.7000,1.199194e+07
8.7050,1.199910e+07
8.7100,1.199917e+07
8.7150,1.199930e+07
8.7200,1.199953e+07
8.7250,1.199976e+07
8.7300,1.200576e+07
8.7350,1.200822e+07
8.7400,1.200854e+07
8.7450,1.200923e+07
8.7500,1.217400e+07
8.7550,1.239994e+07
8.7600,1.241713e+07
8.7650,1.243406e+07
8.7700,1.245431e+07
8.7750,1.246121e+07
8.7800,1.246953e+07
8.7850,1.247922e+07
8.7900,1.249014e+07
8.7950,1.253629e+07
8.8000,1.253945e+07
8.8050,1.254270e+07
8.8100,1.254588e+07
8.8150,1.255974e+07
8.8200,1.257740e+07
8.8250,1.259550e+07
8.8300,1.261065e+07
8.8350,1.262161e+07
8.8400,1.262849e+07
8.8450,1.263249e+07
8.8500,1.263487e+07
8.8550,1.263613e+07
8.8600,1.263675e+07
8.8650,1.263699e+07
8.8700,1.264208e+07
8.8750,1.265372e+07
8.8800,1.265556e+07
8.8850,1.266249e+07
8.8900,1.267220e+07
8.8950,1.267870e+07
8.9000,1.268500e+07
8.9050,1.268628e+07
8.9100,1.268641e+07
8.9150,1.268644e+07
8.9200,1.268645e+07
8.9250,1.268646e+07
8.9300,1.268653e+07
8.9350,1.268666e+07
8.9400,1.268694e+07
8.9450,1.268754e+07
8.9500,1.269429e+07
8.9550,1.295460e+07
8.9600,1.322598e+07
8.9650,1.323166e+07
8.9700,1.346953e+07
8.9750,1.370260e+07
8.9800,1.370797e+07
8.9850,1.371342e+07
8.9900,1.371847e+07
8.9950,1.372270e+07
9.0000,1.372587e+07
9.0050,1.373289e+07
9.0100,1.374197e+07
9.0150,1.374214e+07
9.0200,1.374344e+07
9.0250,1.377691e+07
9.0300,1.380111e+07
9.0350,1.380700e+07
9.0400,1.382623e+07
9.0450,1.384524e+07
9.0500,1.384583e+07
9.0550,1.384658e+07
9.0600,1.384742e+07
9.0650,1.419854e+07
9.0700,1.450622e+07
9.0750,1.450694e+07
9.0800,1.460478e+07
9.0850,1.464628e+07
9.0900,1.464703e+07
9.0950,1.464776e+07
9.1000,1.464988e+07
9.1050,1.465829e+07
9.1100,1.466605e+07
9.1150,1.466624e+07
9.1200,1.466677e+07
9.1250,1.471299e+07
9.1300,1.476292e+07
9.1350,1.476666e+07
9.1400,1.477121e+07
9.1450,1.477600e+07
9.1500,1.478086e+07
9.1550,1.478605e+07
9.1600,1.478883e+07
9.1650,1.479237e+07
9.1700,1.479674e+07
9.1750,1.479817e+07
9.1800,1.480576e+07
9.1850,1.481420e+07
9.1900,1.481806e+07
9.1950,1.481904e+07
9.2000,1.529989e+07
9.2050,1.584496e+07
9.2100,1.584849e+07
9.2150,1.585147e+07
9.2200,1.585382e+07
9.2250,1.585570e+07
9.2300,1.585740e+07
9.2350,1.585913e+07
9.2400,1.586044e+07
9.2450,1.586118e+07
9.2500,1.586171e+07
9.2550,1.586209e+07
9.2600,1.586234e+07
9.2650,1.586371e+07
9.2700,1.586491e+07
9.2750,1.586974e+07
9.2800,1.587946e+07
9.2850,1.588347e+07
9.2900,1.588381e+07
9.2950,1.588545e+07
9.3000,1.588859e+07
9.3050,1.589625e+07
9.3100,1.590578e+07
9.3150,1.590802e+07
9.3200,1.590981e+07
9.3250,1.591093e+07
9.3300,1.591117e+07
9.3350,1.591198e+07
9.3400,1.591392e+07
9.3450,1.592303e+07
9.3500,1.594639e+07
9.3550,1.616754e+07
9.3600,1.633242e+07
9.3650,1.633588e+07
9.3700,1.637408e+07
9.3750,1.641107e+07
9.3800,1.641400e+07
9.3850,1.641583e+07
9.3900,1.642004e+07
9.3950,1.642167e+07
9.4000,1.642170e+07
9.4050,1.642195e+07
9.4100,1.642283e+07
9.4150,1.642336e+07
9.4200,1.642431e+07
9.4250,1.649138e+07
9.4300,1.656748e+07
9.4350,1.656983e+07
9.4400,1.657408e+07
9.4450,1.657854e+07
9.4500,1.658090e+07
9.4550,1.658252e+07
9.4600,1.658334e+07
9.4650,1.658358e+07
9.4700,1.658364e+07
9.4750,1.658381e+07
9.4800,1.658390e+07
9.4850,1.658393e+07
9.4900,1.658401e+07
9.4950,1.658416e+07
9.5000,1.658525e+07
9.5050,1.659612e+07
9.5100,1.660796e+07
9.5150,1.661272e+07
9.5200,1.672554e+07
9.5250,1.684141e+07
9.5300,1.684323e+07
9.5350,1.684514e+07
9.5400,1.684731e+07
9.5450,1.684975e+07
9.5500,1.685237e+07
9.5550,1.685480e+07
9.5600,1.685989e+07
9.5650,1.685989e+07
9.5700,1.686018e+07
9.5750,1.686149e+07
9.5800,1.686288e+07
9.5850,1.686402e+07
9.5900,1.686508e+07
9.5950,1.696892e+07
9.6000,1.705144e+07
9.6050,1.705364e+07
9.6100,1.706152e+07
9.6150,1.706181e+07
9.6200,1.706193e+07
9.6250,1.706215e+07
9.6300,1.706259e+07
9.6350,1.706262e+07
9.6400,1.706281e+07
9.6450,1.706322e+07
9.6500,1.706377e+07
9.6550,1.706436e+07
9.6600,1.706510e+07
9.6650,1.706569e+07
9.6700,1.707052e+07
9.6750,1.709580e+07
9.6800,1.711655e+07
9.6850,1.715245e+07
9.6900,1.716342e+07
9.6950,1.716370e+07
9.7000,1.716512e+07
9.7050,1.716832e+07
9.7100,1.717164e+07
9.7150,1.717391e+07
9.7200,1.717604e+07
9.7250,1.717664e+07
9.7300,1.717709e+07
9.7350,1.717734e+07
9.7400,1.718053e+07
9.7450,1.719038e+07
9.7500,1.719753e+07
9.7550,1.720092e+07
9.7600,1.720381e+07
9.7650,1.720409e+07
9.7700,1.720411e+07
9.7750,1.720449e+07
9.7800,1.720520e+07
9.7850,1.720614e+07
9.7900,1.733751e+07
9.7950,1.748109e+07
9.8000,1.748228e+07
9.8050,1.748384e+07
9.8100,1.748538e+07
9.8150,1.748582e+07
9.8200,1.748958e+07
9.8250,1.749826e+07
9.8300,1.750201e+07
9.8350,1.750370e+07
9.8400,1.750470e+07
9.8450,1.750608e+07
9.8500,1.750768e+07
9.8550,1.750918e+07
9.8600,1.751010e+07
9.8650,1.751029e+07
9.8700,1.751066e+07
9.8750,1.751151e+07
9.8800,1.751287e+07
9.8850,1.751482e+07
9.8900,1.751727e+07
9.8950,1.751915e+07
9.9000,1.752219e+07
9.9050,1.752223e+07
9.9100,1.752320e+07
9.9150,1.754780e+07
9.9200,1.757474e+07
9.9250,1.757494e+07
9.9300,1.757660e+07
9.9350,1.758079e+07
9.9400,1.758352e+07
9.9450,1.769951e+07
9.9500,1.779804e+07
9.9550,1.779837e+07
9.9600,1.779862e+07
9.9650,1.779883e+07
9.9700,1.779900e+07
9.9750,1.779914e+07
9.9800,1.779963e+07
9.9850,1.780117e+07
9.9900,1.780129e+07
9.9950,1.780132e+07
10.0000,1.780152e+07
10.0050,1.780183e+07
10.0100,1.780223e+07
10.0150,1.780662e+07
10.0200,1.781454e+07
10.0250,1.781897e+07
10.0300,1.781971e+07
10.0350,1.782367e+07
10.0400,1.782569e+07
10.0450,1.782617e+07
10.0500,1.782683e+07
10.0550,1.782755e+07
10.0600,1.782818e+07
10.0650,1.782867e+07
10.0700,1.782898e+07
10.0750,1.782907e+07
10.0800,1.782907e+07
10.0850,1.782908e+07
10.0900,1.782908e+07
10.0950,1.782912e+07
10.1000,1.782917e+07
10.1050,1.782923e+07
10.1100,1.783410e+07
10.1150,1.789951e+07
10.1200,1.795274e+07
10.1250,1.795771e+07
10.1300,1.796046e+07
10.1350,1.796058e+07
10.1400,1.796058e+07
10.1450,1.796060e+07
10.1500,1.796074e+07
10.1550,1.796099e+07
10.1600,1.796100e+07
10.1650,1.796103e+07
10.1700,1.796175e+07
10.1750,1.796240e+07
10.1800,1.796240e+07
10.1850,1.796240e+07
10.1900,1.796314e+07
10.1950,1.796571e+07
10.2000,1.796574e+07
10.2050,1.796577e+07
10.2100,1.796577e+07
10.2150,1.796583e+07
10.2200,1.796600e+07
10.2250,1.796603e+07
10.2300,1.796633e+07
10.2350,1.796637e+07
10.2400,1.796642e+07
10.2450,1.796651e+07
10.2500,1.796672e+07
10.2550,1.796693e+07
10.2600,1.796711e+07
10.2650,1.796722e+07
10.2700,1.798228e+07
10.2750,1.798755e+07
10.2800,1.798755e+07
10.2850,1.798756e+07
10.2900,1.798756e+07
10.2950,1.798761e+07
10.3000,1.798789e+07
10.3050,1.798805e+07
10.3100,1.798812e+07
10.3150,1.798821e+07
10.3200,1.798822e+07
10.3250,1.798824e+07
10.3300,1.798826e+07
10.3350,1.798828e+07
10.3400,1.798829e+07
10.3450,1.798830e+07
10.3500,1.799013e+07
10.3550,1.799267e+07
10.3600,1.801270e+07
10.3650,1.804014e+07
10.3700,1.804081e+07
10.3750,1.804175e+07
10.3800,1.804928e+07
10.3850,1.805822e+07
10.3900,1.806757e+07
10.3950,1.806938e+07
10.4000,1.807133e+07
10.4050,1.807303e+07
10.4100,1.807463e+07
10.4150,1.807865e+07
10.4200,1.808295e+07
10.4250,1.808700e+07
10.4300,1.809029e+07
10.4350,1.809278e+07
10.4400,1.809452e+07
10.4450,1.809566e+07
10.4500,1.809649e+07
10.4550,1.809685e+07
10.4600,1.809695e+07
10.4650,1.809713e+07
10.4700,1.809715e+07
10.4750,1.811781e+07
10.4800,1.816072e+07
10.4850,1.816221e+07
10.4900,1.821148e+07
10.4950,1.827151e+07
10.5000,1.827444e+07
10.5050,1.827761e+07
10.5100,1.828085e+07
10.5150,1.828392e+07
10.5200,1.829400e+07
10.5250,1.829424e+07
10.5300,1.829450e+07
10.5350,1.829512e+07
10.5400,1.829523e+07
10.5450,1.829568e+07
10.5500,1.829654e+07
10.5550,1.829769e+07
10.5600,1.829910e+07
10.5650,1.830075e+07
10.5700,1.831739e+07
10.5750,1.858140e+07
10.5800,1.878285e+07
10.5850,1.878476e+07
10.5900,1.878552e+07
10.5950,1.878586e+07
10.6000,1.878594e+07
10.6050,1.878689e+07
10.6100,1.878731e+07
10.6150,1.878760e+07
10.6200,1.878760e+07
10.6250,1.878797e+07
10.6300,1.878870e+07
10.6350,1.878979e+07
10.6400,1.879122e+07
10.6450,1.882895e+07
10.6500,1.886816e+07
10.6550,1.887059e+07
10.6600,1.887302e+07
10.6650,1.887407e+07
10.6700,1.887430e+07
10.6750,1.887473e+07
10.6800,1.887626e+07
10.6850,1.887818e+07
10.6900,1.888003e+07
10.6950,1.888178e+07
10.7000,1.888348e+07
10.7050,1.888461e+07
10.7100,1.888560e+07
10.7150,1.888660e+07
10.7200,1.888745e+07
10.7250,1.888821e+07
10.7300,1.888894e+07
10.7350,1.888959e+07
10.7400,1.889011e+07
10.7450,1.889045e+07
10.7500,1.909694e+07
10.7550,1.927645e+07
10.7600,1.928949e+07
10.7650,1.929535e+07
10.7700,1.929577e+07
10.7750,1.929618e+07
10.7800,1.929691e+07
10.7850,1.929787e+07
10.7900,1.929887e+07
10.7950,1.929985e+07
10.8000,1.930081e+07
10.8050,1.930183e+07
10.8100,1.930300e+07
10.8150,1.930438e+07
10.8200,1.930597e+07
10.8250,1.930774e+07
10.8300,1.930884e+07
10.8350,1.934378e+07
10.8400,1.938630e+07
10.8450,1.947661e+07
10.8500,1.952773e+07
10.8550,1.952809e+07
10.8600,1.953518e+07
10.8650,1.953950e+07
10.8700,1.954377e+07
10.8750,1.954777e+07
10.8800,1.955108e+07
10.8850,1.955361e+07
10.8900,1.955540e+07
10.8950,1.955645e+07
10.9000,1.955775e+07
10.9050,1.955803e+07
10.9100,1.955843e+07
10.9150,1.955902e+07
10.9200,1.956216e+07
10.9250,1.956624e+07
10.9300,1.956759e+07
10.9350,1.956804e+07
10.9400,1.956836e+07
10.9450,1.957299e+07
10.9500,1.957790e+07
10.9550,1.957843e+07
10.9600,1.957945e+07
10.9650,1.958103e+07
10.9700,1.965672e+07
10.9750,1.974391e+07
10.9800,1.974736e+07
10.9850,1.974805e+07
10.9900,1.975049e+07
10.9950,1.975095e+07
11.0000,1.975169e+07
11.0050,1.975541e+07
11.0100,1.975909e+07
11.0150,1.976254e+07
11.0200,1.976561e+07
11.0250,1.976836e+07
11.0300,1.977085e+07
11.0350,1.977305e+07
11.0400,1.977493e+07
11.0450,1.977642e+07
11.0500,1.979950e+07
11.0550,1.982187e+07
11.0600,1.982197e+07
11.0650,1.982685e+07
11.0700,2.037782e+07
11.0750,2.083414e+07
11.0800,2.083514e+07
11.0850,2.085265e+07
11.0900,2.086718e+07
11.0950,2.086766e+07
11.1000,2.086793e+07
11.1050,2.086806e+07
11.1100,2.086808e+07
11.1150,2.086809e+07
11.1200,2.086810e+07
11.1250,2.086818e+07
11.1300,2.086844e+07
11.1350,2.086903e+07
11.1400,2.087013e+07
11.1450,2.087192e+07
11.1500,2.092280e+07
11.1550,2.098208e+07
11.1600,2.098612e+07
11.1650,2.098979e+07
11.1700,2.099402e+07
11.1750,2.099457e+07
11.1800,2.099506e+07
11.1850,2.100015e+07
11.1900,2.100485e+07
11.1950,2.100796e+07
11.2000,2.101090e+07
11.2050,2.101237e+07
11.2100,2.101767e+07
11.2150,2.101858e+07
11.2200,2.101884e+07
11.2250,2.101899e+07
11.2300,2.101911e+07
11.2350,2.101914e+07
11.2400,2.101914e+07
11.2450,2.101963e+07
11.2500,2.102563e+07
11.2550,2.104370e+07
11.2600,2.104772e+07
11.2650,2.104946e+07
11.2700,2.105137e+07
11.2750,2.105203e+07
11.2800,2.105247e+07
11.2850,2.105330e+07
11.2900,2.105352e+07
11.2950,2.105450e+07
11.3000,2.105638e+07
11.3050,2.105879e+07
11.3100,2.106189e+07
11.3150,2.106554e+07
11.3200,2.106950e+07
11.3250,2.107361e+07
11.3300,2.107749e+07
11.3350,2.108086e+07
11.3400,2.108352e+07
11.3450,2.108714e+07
11.3500,2.109021e+07
11.3550,2.122829e+07
11.3600,2.131566e+07
11.3650,2.131581e+07
11.3700,2.131632e+07
11.3750,2.131809e+07
11.3800,2.132277e+07
11.3850,2.132870e+07
11.3900,2.132922e+07
11.3950,2.132992e+07
11.4000,2.133015e+07
11.4050,2.133060e+07
11.4100,2.137280e+07
11.4150,2.141894e+07
11.4200,2.142101e+07
11.4250,2.142303e+07
11.4300,2.142543e+07
11.4350,2.142825e+07
11.4400,2.143370e+07
11.4450,2.143499e+07
11.4500,2.143876e+07
11.4550,2.144252e+07
11.4600,2.144619e+07
11.4650,2.144961e+07
11.4700,2.145356e+07
11.4750,2.145555e+07
11.4800,2.145647e+07
11.4850,2.145840e+07
11.4900,2.145975e+07
11.4950,2.146413e+07
11.5000,2.150529e+07
11.5050,2.154156e+07
11.5100,2.154657e+07
11.5150,2.156579e+07
11.5200,2.158152e+07
11.5250,2.158158e+07
11.5300,2.158160e+07
11.5350,2.158160e+07
11.5400,2.158161e+07
11.5450,2.158161e+07
11.5500,2.159025e+07
11.5550,2.160073e+07
11.5600,2.160077e+07
11.5650,2.160081e+07
11.5700,2.160082e+07
11.5750,2.160258e+07
11.5800,2.160701e+07
11.5850,2.160701e+07
11.5900,2.160709e+07
11.5950,2.160830e+07
11.6000,2.160978e+07
11.6050,2.161152e+07
11.6100,2.161357e+07
11.6150,2.161601e+07
11.6200,2.161883e+07
11.6250,2.162199e+07
11.6300,2.162526e+07
11.6350,2.162835e+07
11.6400,2.163089e+07
11.6450,2.163279e+07
11.6500,2.163419e+07
11.6550,2.163527e+07
11.6600,2.163609e+07
11.6650,2.163665e+07
11.6700,2.163698e+07
11.6750,2.163759e+07
11.6800,2.163823e+07
11.6850,2.168731e+07
11.6900,2.175904e+07
11.6950,2.183017e+07
11.7000,2.183040e+07
11.7050,2.183082e+07
11.7100,2.183135e+07
11.7150,2.183190e+07
11.7200,2.183213e+07
11.7250,2.183548e+07
11.7300,2.184208e+07
11.7350,2.184421e+07
11.7400,2.184632e+07
11.7450,2.184886e+07
11.7500,2.185152e+07
11.7550,2.185373e+07
11.7600,2.185573e+07
11.7650,2.185742e+07
11.7700,2.185863e+07
11.7750,2.185940e+07
11.7800,2.185985e+07
11.7850,2.186008e+07
11.7900,2.186019e+07
11.7950,2.186023e+07
11.8000,2.186460e+07
11.8050,2.189168e+07
11.8100,2.189173e+07
11.8150,2.192211e+07
11.8200,2.196481e+07
11.8250,2.196486e+07
11.8300,2.196579e+07
11.8350,2.196699e+07
11.8400,2.196757e+07
11.8450,2.196825e+07
11.8500,2.196899e+07
11.8550,2.196972e+07
11.8600,2.197039e+07
11.8650,2.197097e+07
11.8700,2.197151e+07
11.8750,2.197205e+07
11.8800,2.197474e+07
11.8850,2.197736e+07
11.8900,2.197737e+07
11.8950,2.197757e+07
11.9000,2.199544e+07
11.9050,2.201160e+07
11.9100,2.202517e+07
11.9150,2.203628e+07
11.9200,2.203724e+07
11.9250,2.203784e+07
11.9300,2.203949e+07
11.9350,2.204005e+07
11.9400,2.204014e+07
11.9450,2.204049e+07
11.9500,2.204057e+07
11.9550,2.205107e+07
11.9600,2.206431e+07
11.9650,2.206431e+07
11.9700,2.206880e+07
11.9750,2.207328e+07
11.9800,2.207346e+07
11.9850,2.211757e+07
11.9900,2.216410e+07
11.9950,2.216446e+07
12.0000,2.217816e+07
12.0050,2.219350e+07
12.0100,2.219389e+07
12.0150,2.219425e+07
12.0200,2.219465e+07
12.0250,2.219525e+07
12.0300,2.219608e+07
12.0350,2.219713e+07
12.0400,2.219831e+07
12.0450,2.219959e+07
12.0500,2.220093e+07
12.0550,2.220149e+07
12.0600,2.220176e+07
12.0650,2.220200e+07
12.0700,2.220221e+07
12.0750,2.220222e+07
12.0800,2.220222e+07
12.0850,2.220847e+07
12.0900,2.221543e+07
12.0950,2.222290e+07
12.1000,2.222825e+07
12.1050,2.222826e+07
12.1100,2.222826e+07
12.1150,2.222826e+07
12.1200,2.222827e+07
12.1250,2.222828e+07
12.1300,2.222831e+07
12.1350,2.222833e+07
12.1400,2.222839e+07
12.1450,2.223083e+07
12.1500,2.224505e+07
12.1550,2.226362e+07
12.1600,2.226385e+07
12.1650,2.226408e+07
12.1700,2.226484e+07
12.1750,2.226580e+07
12.1800,2.226657e+07
12.1850,2.226696e+07
12.1900,2.226697e+07
12.1950,2.226725e+07
12.2000,2.226763e+07
12.2050,2.226805e+07
12.2100,2.226853e+07
12.2150,2.227004e+07
12.2200,2.227185e+07
12.2250,2.227384e+07
12.2300,2.227589e+07
12.2350,2.227794e+07
12.2400,2.227992e+07
12.2450,2.228175e+07
12.2500,2.228336e+07
12.2550,2.228473e+07
12.2600,2.228588e+07
12.2650,2.228679e+07
12.2700,2.228744e+07
12.2750,2.229981e+07
12.2800,2.231150e+07
12.2850,2.234246e+07
12.2900,2.237014e+07
12.2950,2.237060e+07
12.3000,2.237125e+07
12.3050,2.237167e+07
12.3100,2.237169e+07
12.3150,2.237212e+07
12.3200,2.237313e+07
12.3250,2.237489e+07
12.3300,2.237766e+07
12.3350,2.238173e+07
12.3400,2.238748e+07
12.3450,2.239519e+07
12.3500,2.240513e+07
12.3550,2.241732e+07
12.3600,2.248184e+07
12.3650,2.248485e+07
12.3700,2.248782e+07
12.3750,2.249123e+07
12.3800,2.250934e+07
12.3850,2.253116e+07
12.3900,2.255061e+07
12.3950,2.256715e+07
12.4000,2.258098e+07
12.4050,2.259267e+07
12.4100,2.260237e+07
12.4150,2.260996e+07
12.4200,2.261555e+07
12.4250,2.261944e+07
12.4300,2.262197e+07
12.4350,2.262342e+07
12.4400,2.262983e+07
12.4450,2.263453e+07
12.4500,2.263598e+07
12.4550,2.263785e+07
12.4600,2.264152e+07
12.4650,2.264179e+07
12.4700,2.264195e+07
12.4750,2.264197e+07
12.4800,2.264213e+07
12.4850,2.264252e+07
12.4900,2.264313e+07
12.4950,2.264394e+07
12.5000,2.264484e+07
12.5050,2.265569e+07
12.5100,2.266740e+07
12.5150,2.267221e+07
12.5200,2.267766e+07
12.5250,2.267905e+07
12.5300,2.268088e+07
12.5350,2.280845e+07
12.5400,2.321768e+07
12.5450,2.350677e+07
12.5500,2.350889e+07
12.5550,2.351065e+07
12.5600,2.351179e+07
12.5650,2.351215e+07
12.5700,2.351269e+07
12.5750,2.351397e+07
12.5800,2.351573e+07
12.5850,2.351784e+07
12.5900,2.352018e+07
12.5950,2.359196e+07
12.6000,2.365726e+07
12.6050,2.366561e+07
12.6100,2.367945e+07
12.6150,2.368467e+07
12.6200,2.368477e+07
12.6250,2.368549e+07
12.6300,2.368589e+07
12.6350,2.368607e+07
12.6400,2.368629e+07
12.6450,2.368689e+07
12.6500,2.368784e+07
12.6550,2.368920e+07
12.6600,2.369112e+07
12.6650,2.369369e+07
12.6700,2.369697e+07
12.6750,2.370085e+07
12.6800,2.370495e+07
12.6850,2.370895e+07
12.6900,2.371229e+07
12.6950,2.371474e+07
12.7000,2.371613e+07
12.7050,2.371664e+07
12.7100,2.371668e+07
12.7150,2.371699e+07
12.7200,2.371734e+07
12.7250,2.371765e+07
12.7300,2.371902e+07
12.7350,2.375009e+07
12.7400,2.378272e+07
12.7450,2.378818e+07
12.7500,2.379892e+07
12.7550,2.386128e+07
12.7600,2.393004e+07
12.7650,2.393221e+07
12.7700,2.393501e+07
12.7750,2.393848e+07
12.7800,2.394277e+07
12.7850,2.394807e+07
12.7900,2.395449e+07
12.7950,2.396176e+07
12.8000,2.396947e+07
12.8050,2.397727e+07
12.8100,2.398493e+07
12.8150,2.399237e+07
12.8200,2.399951e+07
12.8250,2.400664e+07
12.8300,2.401316e+07
12.8350,2.421622e+07
12.8400,2.435071e+07
12.8450,2.435606e+07
12.8500,2.436137e+07
12.8550,2.436653e+07
12.8600,2.437493e+07
12.8650,2.438536e+07
12.8700,2.439187e+07
12.8750,2.439562e+07
12.8800,2.439857e+07
12.8850,2.440075e+07
12.8900,2.440220e+07
12.8950,2.440912e+07
12.9000,2.441155e+07
12.9050,2.441173e+07
12.9100,2.441223e+07
12.9150,2.441304e+07
12.9200,2.441403e+07
12.9250,2.449259e+07
12.9300,2.458103e+07
12.9350,2.458267e+07
12.9400,2.458551e+07
12.9450,2.458589e+07
12.9500,2.458854e+07
12.9550,2.458922e+07
12.9600,2.484403e+07
12.9650,2.512662e+07
12.9700,2.513513e+07
12.9750,2.514416e+07
12.9800,2.515457e+07
12.9850,2.520503e+07
12.9900,2.520671e+07
12.9950,2.520854e+07
13.0000,2.520940e+07
13.0050,2.521952e+07
13.0100,2.523350e+07
13.0150,2.524737e+07
13.0200,2.525973e+07
13.0250,2.527013e+07
13.0300,2.527809e+07
13.0350,2.528371e+07
13.0400,2.528752e+07
13.0450,2.528841e+07
13.0500,2.530301e+07
13.0550,2.531419e+07
13.0600,2.531532e+07
13.0650,2.531670e+07
13.0700,2.542961e+07
13.0750,2.552313e+07
13.0800,2.552756e+07
13.0850,2.566529e+07
13.0900,2.575956e+07
13.0950,2.576003e+07
13.1000,2.576034e+07
13.1050,2.576053e+07
13.1100,2.576061e+07
13.1150,2.576064e+07
13.1200,2.576071e+07
13.1250,2.576072e+07
13.1300,2.576088e+07
13.1350,2.576114e+07
13.1400,2.577368e+07
13.1450,2.581087e+07
13.1500,2.583743e+07
13.1550,2.583929e+07
13.1600,2.584260e+07
13.1650,2.591579e+07
13.1700,2.600077e+07
13.1750,2.600777e+07
13.1800,2.601449e+07
13.1850,2.602110e+07
13.1900,2.602925e+07
13.1950,2.604060e+07
13.2000,2.655051e+07
13.2050,2.708942e+07
13.2100,2.710131e+07
13.2150,2.711481e+07
13.2200,2.712782e+07
13.2250,2.713298e+07
13.2300,2.714632e+07
13.2350,2.715694e+07
13.2400,2.715769e+07
13.2450,2.715938e+07
13.2500,2.716127e+07
13.2550,2.716282e+07
13.2600,2.716381e+07
13.2650,2.716419e+07
13.2700,2.716909e+07
13.2750,2.719938e+07
13.2800,2.720216e+07
13.2850,2.721394e+07
13.2900,2.722236e+07
13.2950,2.722399e+07
13.3000,2.722594e+07
13.3050,2.722730e+07
13.3100,2.722903e+07
13.3150,2.723159e+07
13.3200,2.723390e+07
13.3250,2.723576e+07
13.3300,2.723708e+07
13.3350,2.723792e+07
13.3400,2.723834e+07
13.3450,2.724164e+07
13.3500,2.727084e+07
13.3550,2.729760e+07
13.3600,2.729762e+07
13.3650,2.729776e+07
13.3700,2.729801e+07
13.3750,2.731926e+07
13.3800,2.739533e+07
13.3850,2.744895e+07
13.3900,2.745308e+07
13.3950,2.745762e+07
13.4000,2.747309e+07
13.4050,2.748731e+07
13.4100,2.748773e+07
13.4150,2.748796e+07
13.4200,2.748804e+07
13.4250,2.749146e+07
13.4300,2.749443e+07
13.4350,2.749522e+07
13.4400,2.749635e+07
13.4450,2.749654e+07
13.4500,2.749678e+07
13.4550,2.749732e+07
13.4600,2.749803e+07
13.4650,2.749886e+07
13.4700,2.749972e+07
13.4750,2.753391e+07
13.4800,2.757086e+07
13.4850,2.757169e+07
13.4900,2.757250e+07
13.4950,2.757316e+07
13.5000,2.766926e+07
13.5050,2.777898e+07
13.5100,2.777964e+07
13.5150,2.779510e+07
13.5200,2.781286e+07
13.5250,2.781949e+07
13.5300,2.782683e+07
13.5350,2.783338e+07
13.5400,2.783598e+07
13.5450,2.783716e+07
13.5500,2.784462e+07
13.5550,2.784515e+07
13.5600,2.784552e+07
13.5650,2.784602e+07
13.5700,2.784602e+07
13.5750,2.784636e+07
13.5800,2.784677e+07
13.5850,2.784718e+07
13.5900,2.784751e+07
13.5950,2.784755e+07
13.6000,2.785791e+07
13.6050,2.786965e+07
13.6100,2.786979e+07
13.6150,2.788248e+07
13.6200,2.789600e+07
13.6250,2.789658e+07
13.6300,2.798040e+07
13.6350,2.803519e+07
13.6400,2.803537e+07
13.6450,2.803555e+07
13.6500,2.803595e+07
13.6550,2.803646e+07
13.6600,2.803658e+07
13.6650,2.803718e+07
13.6700,2.803777e+07
13.6750,2.803825e+07
13.6800,2.803867e+07
13.6850,2.803906e+07
13.6900,2.803979e+07
13.6950,2.804047e+07
13.7000,2.804068e+07
13.7050,2.804068e+07
13.7100,2.804094e+07
13.7150,2.804146e+07
13.7200,2.810036e+07
13.7250,2.814461e+07
13.7300,2.814483e+07
13.7350,2.814557e+07
13.7400,2.814760e+07
13.7450,2.814819e+07
13.7500,2.814911e+07
13.7550,2.815025e+07
13.7600,2.815147e+07
13.7650,2.815260e+07
13.7700,2.815348e+07
13.7750,2.815567e+07
13.7800,2.815574e+07
13.7850,2.815576e+07
13.7900,2.815595e+07
13.7950,2.815634e+07
13.8000,2.815683e+07
13.8050,2.815737e+07
13.8100,2.816039e+07
13.8150,2.816345e+07
13.8200,2.816442e+07
13.8250,2.820404e+07
13.8300,2.843016e+07
13.8350,2.860671e+07
13.8400,2.860714e+07
13.8450,2.860739e+07
13.8500,2.860781e+07
13.8550,2.860804e+07
13.8600,2.860808e+07
13.8650,2.860845e+07
13.8700,2.860879e+07
13.8750,2.860909e+07
13.8800,2.860916e+07
13.8850,2.861605e+07
13.8900,2.864009e+07
13.8950,2.865827e+07
13.9000,2.866327e+07
13.9050,2.866705e+07
13.9100,2.866944e+07
13.9150,2.868004e+07
13.9200,2.869339e+07
13.9250,2.869400e+07
13.9300,2.869415e+07
13.9350,2.869493e+07
13.9400,2.869707e+07
13.9450,2.871068e+07
13.9500,2.871142e+07
13.9550,2.871218e+07
13.9600,2.871306e+07
13.9650,2.871408e+07
13.9700,2.871519e+07
13.9750,2.871964e+07
13.9800,2.872508e+07
13.9850,2.872681e+07
13.9900,2.872707e+07
13.9950,2.872715e+07
14.0000,2.872718e+07
14.0050,2.872737e+07
14.0100,2.872770e+07
14.0150,2.872808e+07
14.0200,2.872829e+07
14.0250,2.872849e+07
14.0300,2.873763e+07
14.0350,2.875276e+07
14.0400,2.875717e+07
14.0450,2.876106e+07
14.0500,2.876480e+07
14.0550,2.877099e+07
14.0600,2.877364e+07
14.0650,2.878831e+07
14.0700,2.878863e+07
14.0750,2.878889e+07
14.0800,2.878894e+07
14.0850,2.879109e+07
14.0900,2.879270e+07
14.0950,2.879330e+07
14.1000,2.879348e+07
14.1050,2.879457e+07
14.1100,2.879982e+07
14.1150,2.881050e+07
14.1200,2.881623e+07
14.1250,2.881673e+07
14.1300,2.881704e+07
14.1350,2.883282e+07
14.1400,2.885475e+07
14.1450,2.885514e+07
14.1500,2.886385e+07
14.1550,2.887705e+07
14.1600,2.887844e+07
14.1650,2.888002e+07
14.1700,2.888161e+07
14.1750,2.888310e+07
14.1800,2.888435e+07
14.1850,2.888513e+07
14.1900,2.888513e+07
14.1950,2.888621e+07
14.2000,2.888849e+07
14.2050,2.889189e+07
14.2100,2.895282e+07
14.2150,2.896885e+07
14.2200,2.896943e+07
14.2250,2.896998e+07
14.2300,2.897925e+07
14.2350,2.898106e+07
14.2400,2.898239e+07
14.2450,2.898429e+07
14.2500,2.898612e+07
14.2550,2.898626e+07
14.2600,2.898626e+07
14.2650,2.898642e+07
14.2700,2.898907e+07
14.2750,2.899259e+07
14.2800,2.899352e+07
14.2850,2.899803e+07
14.2900,2.900183e+07
14.2950,2.900239e+07
14.3000,2.900356e+07
14.3050,2.900471e+07
14.3100,2.903242e+07
14.3150,2.905773e+07
14.3200,2.905791e+07
14.3250,2.905795e+07
14.3300,2.905845e+07
14.3350,2.905927e+07
14.3400,2.906342e+07
14.3450,2.906731e+07
14.3500,2.906779e+07
14.3550,2.906780e+07
14.3600,2.906813e+07
14.3650,2.907383e+07
14.3700,2.907541e+07
14.3750,2.925439e+07
14.3800,2.938746e+07
14.3850,2.938865e+07
14.3900,2.941428e+07
14.3950,2.943185e+07
14.4000,2.943196e+07
14.4050,2.943205e+07
14.4100,2.943244e+07
14.4150,2.943281e+07
14.4200,2.943452e+07
14.4250,2.943669e+07
14.4300,2.943821e+07
14.4350,2.943915e+07
14.4400,2.943965e+07
14.4450,2.943988e+07
14.4500,2.943997e+07
14.4550,2.944001e+07
14.4600,2.944001e+07
14.4650,2.944005e+07
14.4700,2.944010e+07
14.4750,2.944017e+07
14.4800,2.953481e+07
14.4850,2.959131e+07
14.4900,2.959570e+07
14.4950,2.961477e+07
14.5000,2.963134e+07
14.5050,2.963362e+07
14.5100,2.963420e+07
14.5150,2.963534e+07
14.5200,2.963564e+07
14.5250,2.963766e+07
14.5300,2.964014e+07
14.5350,2.964102e+07
14.5400,2.964213e+07
14.5450,2.964354e+07
14.5500,2.964543e+07
14.5550,2.964797e+07
14.5600,2.965128e+07
14.5650,2.970428e+07
14.5700,2.974918e+07
14.5750,2.975291e+07
14.5800,2.978267e+07
14.5850,2.979082e+07
14.5900,2.980584e+07
14.5950,2.981022e+07
14.6000,2.981428e+07
14.6050,2.981773e+07
14.6100,2.982164e+07
14.6150,2.982299e+07
14.6200,2.982347e+07
14.6250,2.982800e+07
14.6300,2.983228e+07
14.6350,2.983326e+07
14.6400,2.983410e+07
14.6450,2.983455e+07
14.6500,2.983496e+07
14.6550,2.984047e+07
14.6600,2.984185e+07
14.6650,2.984387e+07
14.6700,2.984650e+07
14.6750,2.984971e+07
14.6800,2.985350e+07
14.6850,2.985777e+07
14.6900,2.986224e+07
14.6950,2.986650e+07
14.7000,2.987007e+07
14.7050,2.987259e+07
14.7100,2.987368e+07
14.7150,2.998650e+07
14.7200,3.010090e+07
14.7250,3.010697e+07
14.7300,3.011277e+07
14.7350,3.011825e+07
14.7400,3.012159e+07
14.7450,3.023083e+07
14.7500,3.031453e+07
14.7550,3.031639e+07
14.7600,3.031781e+07
14.7650,3.031852e+07
14.7700,3.031973e+07
14.7750,3.031997e+07
14.7800,3.032067e+07
14.7850,3.032165e+07
14.7900,3.032308e+07
14.7950,3.032471e+07
14.8000,3.032595e+07
14.8050,3.032641e+07
14.8100,3.032661e+07
14.8150,3.032685e+07
14.8200,3.032746e+07
14.8250,3.032824e+07
14.8300,3.042629e+07
14.8350,3.052029e+07
14.8400,3.052119e+07
14.8450,3.052229e+07
14.8500,3.052385e+07
14.8550,3.052576e+07
14.8600,3.052766e+07
14.8650,3.052943e+07
14.8700,3.053002e+07
14.8750,3.053036e+07
14.8800,3.053604e+07
14.8850,3.053652e+07
14.8900,3.053679e+07
14.8950,3.053719e+07
14.9000,3.053729e+07
14.9050,3.053734e+07
14.9100,3.053749e+07
14.9150,3.053883e+07
14.9200,3.054027e+07
14.9250,3.054063e+07
14.9300,3.054082e+07
14.9350,3.055773e+07
14.9400,3.062552e+07
14.9450,3.062719e+07
14.9500,3.063731e+07
14.9550,3.063898e+07
14.9600,3.063921e+07
14.9650,3.063965e+07
14.9700,3.063986e+07
14.9750,3.063987e+07
14.9800,3.063991e+07
14.9850,3.064051e+07
14.9900,3.064117e+07
14.9950,3.064124e+07
15.0000,3.064155e+07
15.0050,3.064480e+07
15.0100,3.064554e+07
15.0150,3.068078e+07
15.0200,3.068264e+07
15.0250,3.068277e+07
15.0300,3.068279e+07
15.0350,3.068284e+07
15.0400,3.068289e+07
15.0450,3.068298e+07
15.0500,3.068300e+07
15.0550,3.068330e+07
15.0600,3.068395e+07
15.0650,3.068442e+07
15.0700,3.068471e+07
15.0750,3.069589e+07
15.0800,3.070556e+07
15.0850,3.070565e+07
15.0900,3.070578e+07
15.0950,3.070791e+07
15.1000,3.070973e+07
15.1050,3.070988e+07
15.1100,3.071002e+07
15.1150,3.076778e+07
15.1200,3.079290e+07
15.1250,3.079291e+07
15.1300,3.080451e+07
15.1350,3.082649e+07
15.1400,3.082652e+07
15.1450,3.082656e+07
15.1500,3.082657e+07
15.1550,3.082664e+07
15.1600,3.082672e+07
15.1650,3.082679e+07
15.1700,3.082687e+07
15.1750,3.082697e+07
15.1800,3.082711e+07
15.1850,3.082729e+07
15.1900,3.082746e+07
15.1950,3.090326e+07
15.2000,3.100190e+07
15.2050,3.100683e+07
15.2100,3.101782e+07
15.2150,3.102816e+07
15.2200,3.103158e+07
15.2250,3.103263e+07
15.2300,3.104199e+07
15.2350,3.104235e+07
15.2400,3.104266e+07
15.2450,3.104303e+07
15.2500,3.104332e+07
15.2550,3.104349e+07
15.2600,3.104359e+07
15.2650,3.104361e+07
15.2700,3.104371e+07
15.2750,3.104393e+07
15.2800,3.104456e+07
15.2850,3.104534e+07
15.2900,3.104580e+07
15.2950,3.104586e+07
15.3000,3.104590e+07
15.3050,3.104603e+07
15.3100,3.105193e+07
15.3150,3.115840e+07
15.3200,3.125000e+07
15.3250,3.125148e+07
15.3300,3.125669e+07
15.3350,3.125954e+07
15.3400,3.125973e+07
15.3450,3.125982e+07
15.3500,3.125985e+07
15.3550,3.125985e+07
15.3600,3.125986e+07
15.3650,3.125987e+07
15.3700,3.125989e+07
15.3750,3.125991e+07
15.3800,3.125991e+07
15.3850,3.126220e+07
15.3900,3.126694e+07
15.3950,3.126698e+07
15.4000,3.126703e+07
15.4050,3.126704e+07
15.4100,3.126731e+07
15.4150,3.126926e+07
15.4200,3.126936e+07
15.4250,3.126944e+07
15.4300,3.126974e+07
15.4350,3.127589e+07
15.4400,3.128290e+07
15.4450,3.128331e+07
15.4500,3.128646e+07
15.4550,3.129371e+07
15.4600,3.129962e+07
15.4650,3.130009e+07
15.4700,3.130058e+07
15.4750,3.130079e+07
15.4800,3.130139e+07
15.4850,3.130208e+07
15.4900,3.130287e+07
15.4950,3.130400e+07
15.5000,3.130506e+07
15.5050,3.130564e+07
15.5100,3.130612e+07
15.5150,3.130647e+07
15.5200,3.130668e+07
15.5250,3.130673e+07
15.5300,3.130678e+07
15.5350,3.131601e+07
15.5400,3.131615e+07
15.5450,3.133328e+07
15.5500,3.136786e+07
15.5550,3.136835e+07
15.5600,3.138303e+07
15.5650,3.140128e+07
15.5700,3.141394e+07
15.5750,3.142806e+07
15.5800,3.143401e+07
15.5850,3.143934e+07
15.5900,3.144038e+07
15.5950,3.144040e+07
15.6000,3.144066e+07
15.6050,3.144220e+07
15.6100,3.144354e+07
15.6150,3.144470e+07
15.6200,3.144569e+07
15.6250,3.144651e+07
15.6300,3.144715e+07
15.6350,3.144763e+07
15.6400,3.144800e+07
15.6450,3.144825e+07
15.6500,3.144896e+07
15.6550,3.153500e+07
15.6600,3.161181e+07
15.6650,3.161196e+07
15.6700,3.164310e+07
15.6750,3.166505e+07
15.6800,3.166515e+07
15.6850,3.166542e+07
15.6900,3.166545e+07
15.6950,3.166549e+07
15.7000,3.166561e+07
15.7050,3.166574e+07
15.7100,3.166585e+07
15.7150,3.166957e+07
15.7200,3.167147e+07
15.7250,3.167159e+07
15.7300,3.167181e+07
15.7350,3.167217e+07
15.7400,3.167306e+07
15.7450,3.168671e+07
15.7500,3.170273e+07
15.7550,3.170343e+07
15.7600,3.170407e+07
15.7650,3.178584e+07
15.7700,3.187226e+07
15.7750,3.187264e+07
15.7800,3.187678e+07
15.7850,3.188157e+07
15.7900,3.188195e+07
15.7950,3.188570e+07
15.8000,3.188833e+07
15.8050,3.188858e+07
15.8100,3.188886e+07
15.8150,3.188913e+07
15.8200,3.188938e+07
15.8250,3.188956e+07
15.8300,3.188966e+07
15.8350,3.188968e+07
15.8400,3.188998e+07
15.8450,3.189036e+07
15.8500,3.189073e+07
15.8550,3.189111e+07
15.8600,3.189149e+07
15.8650,3.189186e+07
15.8700,3.189222e+07
15.8750,3.189254e+07
15.8800,3.189278e+07
15.8850,3.189770e+07
15.8900,3.190236e+07
15.8950,3.190242e+07
15.9000,3.197901e+07
15.9050,3.200812e+07
15.9100,3.201422e+07
15.9150,3.201927e+07
15.9200,3.201938e+07
15.9250,3.201945e+07
15.9300,3.201948e+07
15.9350,3.201950e+07
15.9400,3.201965e+07
15.9450,3.202124e+07
15.9500,3.202293e+07
15.9550,3.202294e+07
15.9600,3.202297e+07
15.9650,3.202302e+07
15.9700,3.202306e+07
15.9750,3.202312e+07
15.9800,3.202376e+07
15.9850,3.202473e+07
15.9900,3.202490e+07
15.9950,3.202507e+07
16.0000,3.202516e+07
16.0050,3.202519e+07
16.0100,3.202520e+07
16.0150,3.202523e+07
16.0200,3.202526e+07
16.0250,3.202526e+07
16.0300,3.202528e+07
16.0350,3.202531e+07
16.0400,3.202538e+07
16.0450,3.202549e+07
16.0500,3.202563e+07
16.0550,3.202912e+07
16.0600,3.203303e+07
16.0650,3.207341e+07
16.0700,3.211861e+07
16.0750,3.211891e+07
16.0800,3.216602e+07
16.0850,3.221905e+07
16.0900,3.222031e+07
16.0950,3.222120e+07
16.1000,3.222129e+07
16.1050,3.222138e+07
16.1100,3.222155e+07
16.1150,3.222167e+07
16.1200,3.222174e+07
16.1250,3.222176e+07
16.1300,3.222177e+07
16.1350,3.222179e+07
16.1400,3.222181e+07
16.1450,3.222242e+07
16.1500,3.222427e+07
16.1550,3.222428e+07
16.1600,3.222429e+07
16.1650,3.222477e+07
16.1700,3.222530e+07
16.1750,3.222542e+07
16.1800,3.222613e+07
16.1850,3.222691e+07
16.1900,3.222718e+07
16.1950,3.222867e+07
16.2000,3.223013e+07
16.2050,3.223028e+07
16.2100,3.223089e+07
16.2150,3.223146e+07
16.2200,3.223155e+07
16.2250,3.223161e+07
16.2300,3.223165e+07
16.2350,3.223166e+07
16.2400,3.223168e+07
16.2450,3.223172e+07
16.2500,3.223179e+07
16.2550,3.223192e+07
16.2600,3.223209e+07
16.2650,3.223351e+07
16.2700,3.223362e+07
16.2750,3.223673e+07
16.2800,3.223719e+07
16.2850,3.223776e+07
16.2900,3.224424e+07
16.2950,3.225022e+07
16.3000,3.225390e+07
16.3050,3.225703e+07
16.3100,3.225720e+07
16.3150,3.225727e+07
16.3200,3.225728e+07
16.3250,3.225733e+07
16.3300,3.225741e+07
16.3350,3.225747e+07
16.3400,3.225749e+07
16.3450,3.225754e+07
16.3500,3.225869e+07
16.3550,3.226023e+07
16.3600,3.227089e+07
16.3650,3.228146e+07
16.3700,3.228157e+07
16.3750,3.228166e+07
16.3800,3.228174e+07
16.3850,3.228183e+07
16.3900,3.228190e+07
16.3950,3.228194e+07
16.4000,3.228200e+07
16.4050,3.228222e+07
16.4100,3.228260e+07
16.4150,3.228286e+07
16.4200,3.228305e+07
16.4250,3.228324e+07
16.4300,3.229314e+07
16.4350,3.230488e+07
16.4400,3.231311e+07
16.4450,3.231685e+07
16.4500,3.231955e+07
16.4550,3.232031e+07
16.4600,3.232045e+07
16.4650,3.232056e+07
16.4700,3.232075e+07
16.4750,3.232082e+07
16.4800,3.232090e+07
16.4850,3.232103e+07
16.4900,3.232122e+07
16.4950,3.232146e+07
16.5000,3.232170e+07
16.5050,3.232206e+07
16.5100,3.232217e+07
16.5150,3.232227e+07
16.5200,3.232235e+07
16.5250,3.232242e+07
16.5300,3.232260e+07
16.5350,3.234700e+07
16.5400,3.237016e+07
16.5450,3.237036e+07
16.5500,3.237544e+07
16.5550,3.238121e+07
16.5600,3.238175e+07
16.5650,3.238182e+07
16.5700,3.238186e+07
16.5750,3.238188e+07
16.5800,3.238193e+07
16.5850,3.238199e+07
16.5900,3.238202e+07
16.5950,3.238205e+07
16.6000,3.238206e+07
16.6050,3.238211e+07
16.6100,3.238226e+07
16.6150,3.238251e+07
16.6200,3.238325e+07
16.6250,3.238979e+07
16.6300,3.239639e+07
16.6350,3.239698e+07
16.6400,3.239755e+07
16.6450,3.239816e+07
16.6500,3.239870e+07
16.6550,3.239910e+07
16.6600,3.239979e+07
16.6650,3.240194e+07
16.6700,3.242163e+07
16.6750,3.242170e+07
16.6800,3.242171e+07
16.6850,3.242462e+07
16.6900,3.242718e+07
16.6950,3.242724e+07
16.7000,3.242729e+07
16.7050,3.242734e+07
16.7100,3.242737e+07
16.7150,3.243573e+07
16.7200,3.244098e+07
16.7250,3.244098e+07
16.7300,3.244099e+07
16.7350,3.244101e+07
16.7400,3.244108e+07
16.7450,3.244119e+07
16.7500,3.244278e+07
16.7550,3.244454e+07
16.7600,3.244477e+07
16.7650,3.244499e+07
16.7700,3.244520e+07
16.7750,3.244538e+07
16.7800,3.244551e+07
16.7850,3.244890e+07
16.7900,3.245223e+07
16.7950,3.245230e+07
16.8000,3.245324e+07
16.8050,3.245422e+07
16.8100,3.245777e+07
16.8150,3.246117e+07
16.8200,3.246148e+07
16.8250,3.246149e+07
16.8300,3.246166e+07
16.8350,3.246192e+07
16.8400,3.246223e+07
16.8450,3.246257e+07
16.8500,3.246293e+07
16.8550,3.246328e+07
16.8600,3.246363e+07
16.8650,3.246399e+07
16.8700,3.246414e+07
16.8750,3.246426e+07
16.8800,3.246455e+07
16.8850,3.246478e+07
16.8900,3.246493e+07
16.8950,3.246502e+07
16.9000,3.246506e+07
16.9050,3.246508e+07
16.9100,3.246509e+07
16.9150,3.246509e+07
16.9200,3.246510e+07
16.9250,3.246515e+07
16.9300,3.247763e+07
16.9350,3.249187e+07
16.9400,3.249194e+07
16.9450,3.249202e+07
16.9500,3.249209e+07
16.9550,3.249213e+07
16.9600,3.249213e+07
16.9650,3.249218e+07
16.9700,3.249226e+07
16.9750,3.249238e+07
16.9800,3.249253e+07
16.9850,3.249273e+07
16.9900,3.249296e+07
16.9950,3.249325e+07
17.0000,3.249358e+07
17.0050,3.249396e+07
17.0100,3.252877e+07
17.0150,3.260801e+07
17.0200,3.260804e+07
17.0250,3.260850e+07
17.0300,3.260892e+07
17.0350,3.260935e+07
17.0400,3.260968e+07
17.0450,3.263094e+07
17.0500,3.264870e+07
17.0550,3.264877e+07
17.0600,3.264935e+07
17.0650,3.265087e+07
17.0700,3.265159e+07
17.0750,3.265161e+07
17.0800,3.265161e+07
17.0850,3.265162e+07
17.0900,3.265164e+07
17.0950,3.265168e+07
17.1000,3.265437e+07
17.1050,3.265742e+07
17.1100,3.265754e+07
17.1150,3.265767e+07
17.1200,3.265781e+07
17.1250,3.265794e+07
17.1300,3.265873e+07
17.1350,3.266133e+07
17.1400,3.266344e+07
17.1450,3.266435e+07
17.1500,3.266847e+07
17.1550,3.266951e+07
17.1600,3.266951e+07
17.1650,3.266957e+07
17.1700,3.266962e+07
17.1750,3.266967e+07
17.1800,3.266975e+07
17.1850,3.266984e+07
17.1900,3.266996e+07
17.1950,3.267012e+07
17.2000,3.267048e+07
17.2050,3.268110e+07
17.2100,3.269119e+07
17.2150,3.269254e+07
17.2200,3.269402e+07
17.2250,3.269432e+07
17.2300,3.269462e+07
17.2350,3.269491e+07
17.2400,3.269516e+07
17.2450,3.269537e+07
17.2500,3.269565e+07
17.2550,3.269645e+07
17.2600,3.269682e+07
17.2650,3.269687e+07
17.2700,3.269690e+07
17.2750,3.269690e+07
17.2800,3.269694e+07
17.2850,3.269699e+07
17.2900,3.269706e+07
17.2950,3.269944e+07
17.3000,3.271253e+07
17.3050,3.271660e+07
17.3100,3.271667e+07
17.3150,3.271680e+07
17.3200,3.271698e+07
17.3250,3.271720e+07
17.3300,3.271745e+07
17.3350,3.271769e+07
17.3400,3.271790e+07
17.3450,3.271833e+07
17.3500,3.271868e+07
17.3550,3.271871e+07
17.3600,3.271885e+07
17.3650,3.271907e+07
17.3700,3.271978e+07
17.3750,3.272035e+07
17.3800,3.280026e+07
17.3850,3.286666e+07
17.3900,3.286708e+07
17.3950,3.286728e+07
17.4000,3.286733e+07
17.4050,3.286737e+07
17.4100,3.286743e+07
17.4150,3.286751e+07
17.4200,3.286761e+07
17.4250,3.286772e+07
17.4300,3.286780e+07
17.4350,3.286784e+07
17.4400,3.286785e+07
17.4450,3.286789e+07
17.4500,3.286796e+07
17.4550,3.286805e+07
17.4600,3.286817e+07
17.4650,3.286832e+07
17.4700,3.287441e+07
17.4750,3.288432e+07
17.4800,3.288439e+07
17.4850,3.288444e+07
17.4900,3.288552e+07
17.4950,3.288564e+07
17.5000,3.288570e+07
17.5050,3.288572e+07
17.5100,3.288573e+07
17.5150,3.288573e+07
17.5200,3.288573e+07
17.5250,3.288574e+07
17.5300,3.288578e+07
17.5350,3.288585e+07
17.5400,3.288595e+07
17.5450,3.288651e+07
17.5500,3.288672e+07
17.5550,3.288704e+07
17.5600,3.288727e+07
17.5650,3.288742e+07
17.5700,3.288745e+07
17.5750,3.288747e+07
17.5800,3.288749e+07
17.5850,3.288749e+07
17.5900,3.288750e+07
17.5950,3.288750e+07
17.6000,3.288751e+07
17.6050,3.288752e+07
17.6100,3.288754e+07
17.6150,3.288756e+07
17.6200,3.288760e+07
17.6250,3.288763e+07
17.6300,3.288765e+07
17.6350,3.288765e+07
17.6400,3.288898e+07
17.6450,3.290448e+07
17.6500,3.292650e+07
17.6550,3.292664e+07
17.6600,3.296587e+07
17.6650,3.323447e+07
17.6700,3.323455e+07
17.6750,3.323515e+07
17.6800,3.323521e+07
17.6850,3.323524e+07
17.6900,3.323527e+07
17.6950,3.323534e+07
17.7000,3.323538e+07
17.7050,3.323541e+07
17.7100,3.323541e+07
17.7150,3.323542e+07
17.7200,3.323543e+07
17.7250,3.323888e+07
17.7300,3.323911e+07
17.7350,3.324105e+07
17.7400,3.324128e+07
17.7450,3.324134e+07
17.7500,3.324138e+07
17.7550,3.324149e+07
17.7600,3.324149e+07
17.7650,3.324150e+07
17.7700,3.324151e+07
17.7750,3.324154e+07
17.7800,3.324158e+07
17.7850,3.324163e+07
17.7900,3.324167e+07
17.7950,3.324173e+07
17.8000,3.324178e+07
17.8050,3.324184e+07
17.8100,3.324637e+07
17.8150,3.324834e+07
17.8200,3.324941e+07
17.8250,3.324948e+07
17.8300,3.324949e+07
17.8350,3.324950e+07
17.8400,3.325003e+07
17.8450,3.325010e+07
17.8500,3.325014e+07
17.8550,3.325015e+07
17.8600,3.325017e+07
17.8650,3.325019e+07
17.8700,3.325020e+07
17.8750,3.325021e+07
17.8800,3.325024e+07
17.8850,3.325029e+07
17.8900,3.325035e+07
17.8950,3.326573e+07
17.9000,3.328115e+07
17.9050,3.328116e+07
17.9100,3.328275e+07
17.9150,3.328650e+07
17.9200,3.328652e+07
17.9250,3.328653e+07
17.9300,3.328653e+07
17.9350,3.328653e+07
17.9400,3.328653e+07
17.9450,3.328654e+07
17.9500,3.328654e+07
17.9550,3.328654e+07
17.9600,3.328654e+07
17.9650,3.328655e+07
17.9700,3.328655e+07
17.9750,3.328656e+07
17.9800,3.328656e+07
17.9850,3.329271e+07
17.9900,3.334616e+07
17.9950,3.334616e+07
18.0000,3.334637e+07
18.0050,3.334664e+07
18.0100,3.334664e+07
18.0150,3.334665e+07
18.0200,3.334667e+07
18.0250,3.334667e+07
18.0300,3.334667e+07
18.0350,3.334667e+07
18.0400,3.334668e+07
18.0450,3.334669e+07
18.0500,3.334669e+07
18.0550,3.334670e+07
18.0600,3.334671e+07
18.0650,3.334768e+07
18.0700,3.334864e+07
18.0750,3.334881e+07
18.0800,3.334883e+07
18.0850,3.334887e+07
18.0900,3.334890e+07
18.0950,3.334894e+07
18.1000,3.334957e+07
18.1050,3.335092e+07
18.1100,3.335168e+07
18.1150,3.335180e+07
18.1200,3.335190e+07
18.1250,3.335198e+07
18.1300,3.335204e+07
18.1350,3.335238e+07
18.1400,3.335269e+07
18.1450,3.335279e+07
18.1500,3.335309e+07
18.1550,3.335324e+07
18.1600,3.335324e+07
18.1650,3.335326e+07
18.1700,3.335332e+07
18.1750,3.335343e+07
18.1800,3.335361e+07
18.1850,3.335387e+07
18.1900,3.335418e+07
18.1950,3.337599e+07
18.2000,3.341279e+07
18.2050,3.341298e+07
18.2100,3.341490e+07
18.2150,3.341671e+07
18.2200,3.341826e+07
18.2250,3.341963e+07
18.2300,3.341981e+07
18.2350,3.341994e+07
18.2400,3.342004e+07
18.2450,3.342011e+07
18.2500,3.342016e+07
18.2550,3.342019e+07
18.2600,3.342022e+07
18.2650,3.342025e+07
18.2700,3.342027e+07
18.2750,3.342029e+07
18.2800,3.342031e+07
18.2850,3.342033e+07
18.2900,3.342034e+07
18.2950,3.342099e+07
18.3000,3.342130e+07
18.3050,3.342154e+07
18.3100,3.342182e+07
18.3150,3.342182e+07
18.3200,3.342184e+07
18.3250,3.342187e+07
18.3300,3.342188e+07
18.3350,3.342190e+07
18.3400,3.342191e+07
18.3450,3.342200e+07
18.3500,3.342213e+07
18.3550,3.342218e+07
18.3600,3.342227e+07
18.3650,3.342240e+07
18.3700,3.342257e+07
18.3750,3.342275e+07
18.3800,3.342293e+07
18.3850,3.342823e+07
18.3900,3.343359e+07
18.3950,3.343396e+07
18.4000,3.343401e+07
18.4050,3.344238e+07
18.4100,3.345754e+07
18.4150,3.345758e+07
18.4200,3.345805e+07
18.4250,3.345882e+07
18.4300,3.345919e+07
18.4350,3.345924e+07
18.4400,3.345928e+07
18.4450,3.345932e+07
18.4500,3.345935e+07
18.4550,3.345935e+07
18.4600,3.345936e+07
18.4650,3.345938e+07
18.4700,3.345940e+07
18.4750,3.345941e+07
18.4800,3.345941e+07
18.4850,3.346262e+07
18.4900,3.346614e+07
18.4950,3.346620e+07
18.5000,3.346880e+07
18.5050,3.347093e+07
18.5100,3.347094e+07
18.5150,3.347096e+07
18.5200,3.347099e+07
18.5250,3.347102e+07
18.5300,3.347696e+07
18.5350,3.347757e+07
18.5400,3.347761e+07
18.5450,3.347764e+07
18.5500,3.347766e+07
18.5550,3.347767e+07
18.5600,3.347769e+07
18.5650,3.347771e+07
18.5700,3.347771e+07
18.5750,3.347784e+07
18.5800,3.347816e+07
18.5850,3.347818e+07
18.5900,3.347818e+07
18.5950,3.347818e+07
18.6000,3.347818e+07
18.6050,3.347818e+07
18.6100,3.347818e+07
18.6150,3.347819e+07
18.6200,3.347819e+07
18.6250,3.347820e+07
18.6300,3.347822e+07
18.6350,3.347823e+07
18.6400,3.347825e+07
18.6450,3.347827e+07
18.6500,3.347829e+07
18.6550,3.347829e+07
18.6600,3.347830e+07
18.6650,3.347832e+07
18.6700,3.347835e+07
18.6750,3.347838e+07
18.6800,3.347840e+07
18.6850,3.347842e+07
18.6900,3.347842e+07
18.6950,3.347842e+07
18.7000,3.347844e+07
18.7050,3.347845e+07
18.7100,3.347847e+07
18.7150,3.347849e+07
18.7200,3.347851e+07
18.7250,3.347852e+07
18.7300,3.347854e+07
18.7350,3.347855e+07
18.7400,3.347857e+07
18.7450,3.347857e+07
18.7500,3.347858e+07
18.7550,3.347858e+07
18.7600,3.347858e+07
18.7650,3.347859e+07
18.7700,3.347859e+07
18.7750,3.348131e+07
18.7800,3.348435e+07
18.7850,3.348435e+07
18.7900,3.348496e+07
18.7950,3.348556e+07
18.8000,3.348556e+07
18.8050,3.348585e+07
18.8100,3.348612e+07
18.8150,3.348612e+07
18.8200,3.348612e+07
18.8250,3.348625e+07
18.8300,3.348650e+07
18.8350,3.348651e+07
18.8400,3.348654e+07
18.8450,3.348659e+07
18.8500,3.348662e+07
18.8550,3.348665e+07
18.8600,3.348667e+07
18.8650,3.348668e+07
18.8700,3.348705e+07
18.8750,3.348746e+07
18.8800,3.348747e+07
18.8850,3.348748e+07
18.8900,3.348749e+07
18.8950,3.348750e+07
18.9000,3.348752e+07
18.9050,3.348761e+07
18.9100,3.348775e+07
18.9150,3.348781e+07
18.9200,3.348783e+07
18.9250,3.348785e+07
18.9300,3.348785e+07
18.9350,3.348785e+07
18.9400,3.348785e+07
18.9450,3.348859e+07
18.9500,3.348949e+07
18.9550,3.348951e+07
18.9600,3.348955e+07
18.9650,3.348960e+07
18.9700,3.348968e+07
18.9750,3.348977e+07
18.9800,3.349005e+07
18.9850,3.349008e+07
18.9900,3.349010e+07
18.9950,3.349019e+07
19.0000,3.349032e+07
19.0050,3.349048e+07
19.0100,3.349065e+07
19.0150,3.349082e+07
19.0200,3.349097e+07
19.0250,3.349112e+07
19.0300,3.349125e+07
19.0350,3.349136e+07
19.0400,3.349147e+07
19.0450,3.349157e+07
19.0500,3.349165e+07
19.0550,3.349171e+07
19.0600,3.349175e+07
19.0650,3.349177e+07
19.0700,3.349178e+07
19.0750,3.349211e+07
19.0800,3.349247e+07
19.0850,3.349258e+07
19.0900,3.349271e+07
19.0950,3.349272e+07
19.1000,3.349274e+07
19.1050,3.349278e+07
19.1100,3.349285e+07
19.1150,3.349294e+07
19.1200,3.349309e+07
19.1250,3.349329e+07
19.1300,3.349355e+07
19.1350,3.349385e+07
19.1400,3.349420e+07
19.1450,3.349457e+07
19.1500,3.349495e+07
19.1550,3.349618e+07
19.1600,3.349625e+07
19.1650,3.349633e+07
19.1700,3.349653e+07
19.1750,3.349664e+07
19.1800,3.349665e+07
19.1850,3.349671e+07
19.1900,3.351875e+07
19.1950,3.353845e+07
19.2000,3.353856e+07
19.2050,3.353911e+07
19.2100,3.353943e+07
19.2150,3.353947e+07
19.2200,3.353954e+07
19.2250,3.353960e+07
19.2300,3.353968e+07
19.2350,3.353979e+07
19.2400,3.353991e+07
19.2450,3.354004e+07
19.2500,3.354017e+07
19.2550,3.354031e+07
19.2600,3.354043e+07
19.2650,3.354053e+07
19.2700,3.354061e+07
19.2750,3.354067e+07
19.2800,3.354070e+07
19.2850,3.354071e+07
19.2900,3.354075e+07
19.2950,3.354613e+07
19.3000,3.355134e+07
19.3050,3.357275e+07
19.3100,3.359248e+07
19.3150,3.359248e+07
19.3200,3.359252e+07
19.3250,3.359258e+07
19.3300,3.359264e+07
19.3350,3.359267e+07
19.3400,3.359267e+07
19.3450,3.359269e+07
19.3500,3.359398e+07
19.3550,3.359564e+07
19.3600,3.359568e+07
19.3650,3.359573e+07
19.3700,3.359578e+07
19.3750,3.359582e+07
19.3800,3.359585e+07
19.3850,3.359586e+07
19.3900,3.359587e+07
19.3950,3.359588e+07
19.4000,3.359588e+07
19.4050,3.359588e+07
19.4100,3.359589e+07
19.4150,3.359590e+07
19.4200,3.359592e+07
19.4250,3.359595e+07
19.4300,3.359600e+07
19.4350,3.359836e+07
19.4400,3.360193e+07
19.4450,3.360278e+07
19.4500,3.360383e+07
19.4550,3.360507e+07
19.4600,3.360529e+07
19.4650,3.360552e+07
19.4700,3.360577e+07
19.4750,3.360647e+07
19.4800,3.360651e+07
19.4850,3.360657e+07
19.4900,3.360686e+07
19.4950,3.360703e+07
19.5000,3.360718e+07
