time_s,max_opening_m
0.0050,8.49032580e-04
0.0100,8.49052718e-04
0.0150,8.49105353e-04
0.0200,8.49201022e-04
0.0250,8.49350051e-04
0.0300,8.49570741e-04
0.0350,8.49856186e-04
0.0400,8.50178656e-04
0.0450,8.50513988e-04
0.0500,8.50808263e-04
0.0550,8.51043012e-04
0.0600,8.51199629e-04
0.0650,8.51286429e-04
0.0700,8.51331262e-04
0.0750,8.51354963e-04
0.0800,8.51391985e-04
0.0850,8.51443965e-04
0.0900,8.51493536e-04
0.0950,8.51511601e-04
0.1000,8.51451965e-04
0.1050,8.51299840e-04
0.1100,8.51057457e-04
0.1150,8.50742046e-04
0.1200,8.50393212e-04
0.1250,8.50036005e-04
0.1300,8.49700454e-04
0.1350,8.49396147e-04
0.1400,8.49119435e-04
0.1450,8.48860452e-04
0.1500,8.48610664e-04
0.1550,8.48382069e-04
0.1600,8.48210261e-04
0.1650,8.48120176e-04
0.1700,8.48153575e-04
0.1750,8.48322490e-04
0.1800,8.48636256e-04
0.1850,8.49082605e-04
0.1900,8.49610691e-04
0.1950,8.50181956e-04
0.2000,8.50728737e-04
0.2050,8.51234774e-04
0.2100,8.51691524e-04
0.2150,8.52099358e-04
0.2200,8.52451180e-04
0.2250,8.52738367e-04
0.2300,8.52944453e-04
0.2350,8.53059542e-04
0.2400,8.53055123e-04
0.2450,8.52914586e-04
0.2500,8.52614628e-04
0.2550,8.52159040e-04
0.2600,8.51587034e-04
0.2650,8.50929088e-04
0.2700,8.50235144e-04
0.2750,8.49527521e-04
0.2800,8.48849701e-04
0.2850,8.48224316e-04
0.2900,8.47679343e-04
0.2950,8.47217026e-04
0.3000,8.46848786e-04
0.3050,8.46600732e-04
0.3100,8.46526804e-04
0.3150,8.46646280e-04
0.3200,8.46961067e-04
0.3250,8.47447588e-04
0.3300,8.48050469e-04
0.3350,8.48752723e-04
0.3400,8.49545555e-04
0.3450,8.50437819e-04
0.3500,8.51420922e-04
0.3550,8.52460618e-04
0.3600,8.53430077e-04
0.3650,8.54226825e-04
0.3700,8.54650598e-04
0.3750,8.54639770e-04
0.3800,8.54200777e-04
0.3850,8.53432148e-04
0.3900,8.52564080e-04
0.3950,8.51710953e-04
0.4000,8.51016765e-04
0.4050,8.50477886e-04
0.4100,8.50022825e-04
0.4150,8.49583319e-04
0.4200,8.49048281e-04
0.4250,8.48403016e-04
0.4300,8.47696078e-04
0.4350,8.47001040e-04
0.4400,8.46476886e-04
0.4450,8.46188310e-04
0.4500,8.46217968e-04
0.4550,8.46563690e-04
0.4600,8.47159615e-04
0.4650,8.47929704e-04
0.4700,8.48701535e-04
0.4750,8.49396035e-04
0.4800,8.49932302e-04
0.4850,8.50340038e-04
0.4900,8.50736604e-04
0.4950,8.51199423e-04
0.5000,8.51816194e-04
0.5050,8.52556802e-04
0.5100,8.53265847e-04
0.5150,8.53805615e-04
0.5200,8.53934623e-04
0.5250,8.53588935e-04
0.5300,8.52788619e-04
0.5350,8.51658820e-04
0.5400,8.50512082e-04
0.5450,8.49517287e-04
0.5500,8.48907413e-04
0.5550,8.48696765e-04
0.5600,8.48783803e-04
0.5650,8.49034625e-04
0.5700,8.49183050e-04
0.5750,8.49130147e-04
0.5800,8.48798058e-04
0.5850,8.48240491e-04
0.5900,8.47653863e-04
0.5950,8.47172589e-04
0.6000,8.47027047e-04
0.6050,8.47273777e-04
0.6100,8.47899443e-04
0.6150,8.48799019e-04
0.6200,8.49700364e-04
0.6250,8.50463919e-04
0.6300,8.50916985e-04
0.6350,8.51079545e-04
0.6400,8.51086840e-04
0.6450,8.51051338e-04
0.6500,8.51140304e-04
0.6550,8.51368649e-04
0.6600,8.51657320e-04
0.6650,8.51903430e-04
0.6700,8.51930310e-04
0.6750,8.51699558e-04
0.6800,8.51249222e-04
0.6850,8.50667965e-04
0.6900,8.50133530e-04
0.6950,8.49704673e-04
0.7000,8.49430062e-04
0.7050,8.49283364e-04
0.7100,8.49196312e-04
0.7150,8.49126822e-04
0.7200,8.49011010e-04
0.7250,8.48836740e-04
0.7300,8.48611784e-04
0.7350,8.48363947e-04
0.7400,8.48160093e-04
0.7450,8.48037348e-04
0.7500,8.48069863e-04
0.7550,8.48283477e-04
0.7600,8.48695084e-04
0.7650,8.49271427e-04
0.7700,8.49891646e-04
0.7750,8.50460781e-04
0.7800,8.50819551e-04
0.7850,8.50928100e-04
0.7900,8.50793851e-04
0.7950,8.50481378e-04
0.8000,8.50165942e-04
0.8050,8.49947526e-04
0.8100,8.49977988e-04
0.8150,8.50265255e-04
0.8200,8.50720843e-04
0.8250,8.51227916e-04
0.8300,8.51546988e-04
0.8350,8.51582548e-04
0.8400,8.51242310e-04
0.8450,8.50565613e-04
0.8500,8.49707759e-04
0.8550,8.48789641e-04
0.8600,8.48043855e-04
0.8650,8.47555492e-04
0.8700,8.47436442e-04
0.8750,8.47693213e-04
0.8800,8.48277388e-04
0.8850,8.49106149e-04
0.8900,8.49956535e-04
0.8950,8.50683285e-04
0.9000,8.51040282e-04
0.9050,8.50966569e-04
0.9100,8.50488555e-04
0.9150,8.49732284e-04
0.9200,8.49016614e-04
0.9250,8.48508330e-04
0.9300,8.48436736e-04
0.9350,8.48801219e-04
0.9400,8.49443585e-04
0.9450,8.50180975e-04
0.9500,8.50660527e-04
0.9550,8.50753163e-04
0.9600,8.50386382e-04
0.9650,8.49669389e-04
0.9700,8.48940715e-04
0.9750,8.48411184e-04
0.9800,8.48383345e-04
0.9850,8.48858072e-04
0.9900,8.49620074e-04
0.9950,8.50423013e-04
1.0000,8.50808909e-04
1.0050,8.50655793e-04
1.0100,8.49990982e-04
1.0150,8.49023579e-04
1.0200,8.48248304e-04
1.0250,8.47887526e-04
1.0300,8.48152773e-04
1.0350,8.48943783e-04
1.0400,8.49883584e-04
1.0450,8.50711309e-04
1.0500,8.51050091e-04
1.0550,8.50874087e-04
1.0600,8.50348477e-04
1.0650,8.49681610e-04
1.0700,8.49224910e-04
1.0750,8.49052037e-04
1.0800,8.49148488e-04
1.0850,8.49400905e-04
1.0900,8.49576320e-04
1.0950,8.49602987e-04
1.1000,8.49470984e-04
1.1050,8.49265295e-04
1.1100,8.49153298e-04
1.1150,8.49167773e-04
1.1200,8.49262883e-04
1.1250,8.49342967e-04
1.1300,8.49254861e-04
1.1350,8.48987045e-04
1.1400,8.48644359e-04
1.1450,8.48356913e-04
1.1500,8.48327881e-04
1.1550,8.48583763e-04
1.1600,8.49018730e-04
1.1650,8.49486165e-04
1.1700,8.49749761e-04
1.1750,8.49783114e-04
1.1800,8.49717704e-04
1.1850,8.49716591e-04
1.1900,8.50012277e-04
1.1950,8.50596768e-04
1.2000,8.51256006e-04
1.2050,8.51781065e-04
1.2100,8.51844700e-04
1.2150,8.51409765e-04
1.2200,8.50609350e-04
1.2250,8.49632923e-04
1.2300,8.48806730e-04
1.2350,8.48211094e-04
1.2400,8.47836989e-04
1.2450,8.47574016e-04
1.2500,8.47261458e-04
1.2550,8.46904497e-04
1.2600,8.46636338e-04
1.2650,8.46582809e-04
1.2700,8.46907823e-04
1.2750,8.47586808e-04
1.2800,8.48435316e-04
1.2850,8.49304840e-04
1.2900,8.49959370e-04
1.2950,8.50353004e-04
1.3000,8.50514972e-04
1.3050,8.50529001e-04
1.3100,8.50549503e-04
1.3150,8.50619624e-04
1.3200,8.50760921e-04
1.3250,8.50952198e-04
1.3300,8.51157234e-04
1.3350,8.51365840e-04
1.3400,8.51537660e-04
1.3450,8.51630465e-04
1.3500,8.51538277e-04
1.3550,8.51214200e-04
1.3600,8.50632596e-04
1.3650,8.49847889e-04
1.3700,8.49016389e-04
1.3750,8.48235952e-04
1.3800,8.47650391e-04
1.3850,8.47274503e-04
1.3900,8.47072225e-04
1.3950,8.46990172e-04
1.4000,8.46966097e-04
1.4050,8.47015626e-04
1.4100,8.47202759e-04
1.4150,8.47564277e-04
1.4200,8.48094506e-04
1.4250,8.48734148e-04
1.4300,8.49341759e-04
1.4350,8.49858335e-04
1.4400,8.50228693e-04
1.4450,8.50475038e-04
1.4500,8.50646160e-04
1.4550,8.50752372e-04
1.4600,8.50770377e-04
1.4650,8.50665250e-04
1.4700,8.50423567e-04
1.4750,8.50101420e-04
1.4800,8.49873207e-04
1.4850,8.49840040e-04
1.4900,8.50061360e-04
1.4950,8.50447058e-04
1.5000,8.50698542e-04
1.5050,8.50643434e-04
1.5100,8.50094048e-04
1.5150,8.49118740e-04
1.5200,8.48012738e-04
1.5250,8.47004813e-04
1.5300,8.46459570e-04
1.5350,8.46433374e-04
1.5400,8.46824509e-04
1.5450,8.47460946e-04
1.5500,8.48037753e-04
1.5550,8.48482106e-04
1.5600,8.48801537e-04
1.5650,8.49092736e-04
1.5700,8.49506112e-04
1.5750,8.50048999e-04
1.5800,8.50622297e-04
1.5850,8.51107016e-04
1.5900,8.51323414e-04
1.5950,8.51258210e-04
1.6000,8.51025433e-04
1.6050,8.50770700e-04
1.6100,8.50745521e-04
1.6150,8.50983324e-04
1.6200,8.51360544e-04
1.6250,8.51682162e-04
1.6300,8.51577239e-04
1.6350,8.50940098e-04
1.6400,8.49788701e-04
1.6450,8.48313678e-04
1.6500,8.46990390e-04
1.6550,8.46059993e-04
1.6600,8.45785902e-04
1.6650,8.46101200e-04
1.6700,8.46674992e-04
1.6750,8.47249752e-04
1.6800,8.47437275e-04
1.6850,8.47203866e-04
1.6900,8.46716583e-04
1.6950,8.46207516e-04
1.7000,8.46132879e-04
1.7050,8.46645734e-04
1.7100,8.47814498e-04
1.7150,8.49472606e-04
1.7200,8.51145026e-04
1.7250,8.52558494e-04
1.7300,8.53324928e-04
1.7350,8.53416980e-04
1.7400,8.52967702e-04
1.7450,8.52158341e-04
1.7500,8.51337669e-04
1.7550,8.50631862e-04
1.7600,8.50163147e-04
1.7650,8.49894824e-04
1.7700,8.49706513e-04
1.7750,8.49522967e-04
1.7800,8.49253996e-04
1.7850,8.48891858e-04
1.7900,8.48432281e-04
1.7950,8.47879944e-04
1.8000,8.47262111e-04
1.8050,8.46621665e-04
1.8100,8.46100029e-04
1.8150,8.45787742e-04
1.8200,8.45818189e-04
1.8250,8.46205259e-04
1.8300,8.46887504e-04
1.8350,8.47777035e-04
1.8400,8.48684274e-04
1.8450,8.49523992e-04
1.8500,8.50194494e-04
1.8550,8.50703183e-04
1.8600,8.51101146e-04
1.8650,8.51420306e-04
1.8700,8.51667067e-04
1.8750,8.51803619e-04
1.8800,8.51748955e-04
1.8850,8.51476725e-04
1.8900,8.50981044e-04
1.8950,8.50307397e-04
1.9000,8.49586036e-04
1.9050,8.48904938e-04
1.9100,8.48415126e-04
1.9150,8.48150884e-04
1.9200,8.48092960e-04
1.9250,8.48168739e-04
1.9300,8.48221418e-04
1.9350,8.48185276e-04
1.9400,8.47998475e-04
1.9450,8.47687972e-04
1.9500,8.47363045e-04
1.9550,8.47106071e-04
1.9600,8.47042295e-04
1.9650,8.47191538e-04
1.9700,8.47534545e-04
1.9750,8.48016049e-04
1.9800,8.48522271e-04
1.9850,8.48992212e-04
1.9900,8.49312496e-04
1.9950,8.49452528e-04
2.0000,8.49407568e-04
2.0050,8.49230918e-04
2.0100,8.49072840e-04
2.0150,8.49008185e-04
2.0200,8.49093677e-04
2.0250,8.49268612e-04
2.0300,8.49333924e-04
2.0350,8.49169313e-04
2.0400,8.48658687e-04
2.0450,8.47878879e-04
2.0500,8.47130111e-04
2.0550,8.46639167e-04
2.0600,8.46753929e-04
2.0650,8.47500988e-04
2.0700,8.48695165e-04
2.0750,8.50086249e-04
2.0800,8.51187462e-04
2.0850,8.51832157e-04
2.0900,8.51903940e-04
2.0950,8.51517916e-04
2.1000,8.51005998e-04
2.1050,8.50565766e-04
2.1100,8.50461791e-04
2.1150,8.50693290e-04
2.1200,8.51110115e-04
2.1250,8.51551492e-04
2.1300,8.51739533e-04
2.1350,8.51598604e-04
2.1400,8.51093849e-04
2.1450,8.50294830e-04
2.1500,8.49385138e-04
2.1550,8.48468542e-04
2.1600,8.47695818e-04
2.1650,8.47081783e-04
2.1700,8.46599064e-04
2.1750,8.46207673e-04
2.1800,8.45870114e-04
2.1850,8.45605398e-04
2.1900,8.45477530e-04
2.1950,8.45523326e-04
2.2000,8.45781426e-04
2.2050,8.46244345e-04
2.2100,8.46871642e-04
2.2150,8.47638147e-04
2.2200,8.48487962e-04
2.2250,8.49396404e-04
2.2300,8.50313456e-04
2.2350,8.51213460e-04
2.2400,8.52024845e-04
2.2450,8.52699633e-04
2.2500,8.53146855e-04
2.2550,8.53335638e-04
2.2600,8.53246631e-04
2.2650,8.52899651e-04
2.2700,8.52358646e-04
2.2750,8.51676382e-04
2.2800,8.50957079e-04
2.2850,8.50250081e-04
2.2900,8.49603993e-04
2.2950,8.49002324e-04
2.3000,8.48376289e-04
2.3050,8.47690004e-04
2.3100,8.46930406e-04
2.3150,8.46137249e-04
2.3200,8.45456135e-04
2.3250,8.44985871e-04
2.3300,8.44895003e-04
2.3350,8.45218518e-04
2.3400,8.45918344e-04
2.3450,8.46903141e-04
2.3500,8.47967796e-04
2.3550,8.49016979e-04
2.3600,8.49911730e-04
2.3650,8.50625042e-04
2.3700,8.51162018e-04
2.3750,8.51561737e-04
2.3800,8.51919519e-04
2.3850,8.52275984e-04
2.3900,8.52634088e-04
2.3950,8.52932916e-04
2.4000,8.53002497e-04
2.4050,8.52750510e-04
2.4100,8.52066413e-04
2.4150,8.50974013e-04
2.4200,8.49610646e-04
2.4250,8.48115146e-04
2.4300,8.46771964e-04
2.4350,8.45703782e-04
2.4400,8.45044548e-04
2.4450,8.44773663e-04
2.4500,8.44779493e-04
2.4550,8.44976026e-04
2.4600,8.45235098e-04
2.4650,8.45531770e-04
2.4700,8.45866246e-04
2.4750,8.46274031e-04
2.4800,8.46839697e-04
2.4850,8.47597113e-04
2.4900,8.48555964e-04
2.4950,8.49668417e-04
2.5000,8.50810438e-04
2.5050,8.51907705e-04
2.5100,8.52840512e-04
2.5150,8.53569588e-04
2.5200,8.54042732e-04
2.5250,8.54254045e-04
2.5300,8.54237759e-04
2.5350,8.54040617e-04
2.5400,8.53757979e-04
2.5450,8.53421265e-04
2.5500,8.53040681e-04
2.5550,8.52581443e-04
2.5600,8.51963153e-04
2.5650,8.51156353e-04
2.5700,8.50167861e-04
2.5750,8.49065976e-04
2.5800,8.48049453e-04
2.5850,8.47233565e-04
2.5900,8.46766262e-04
2.5950,8.46632474e-04
2.6000,8.46697597e-04
2.6050,8.46850629e-04
2.6100,8.46937942e-04
2.6150,8.46957154e-04
2.6200,8.46982260e-04
2.6250,8.47093625e-04
2.6300,8.47408839e-04
2.6350,8.47926555e-04
2.6400,8.48546657e-04
2.6450,8.49159512e-04
2.6500,8.49578621e-04
2.6550,8.49773837e-04
2.6600,8.49791926e-04
2.6650,8.49719840e-04
2.6700,8.49702558e-04
2.6750,8.49767487e-04
2.6800,8.49880543e-04
2.6850,8.49967792e-04
2.6900,8.49886935e-04
2.6950,8.49600423e-04
2.7000,8.49127701e-04
2.7050,8.48553380e-04
2.7100,8.48061190e-04
2.7150,8.47720999e-04
2.7200,8.47560099e-04
2.7250,8.47511570e-04
2.7300,8.47430141e-04
2.7350,8.47271448e-04
2.7400,8.47055680e-04
2.7450,8.46875670e-04
2.7500,8.46931052e-04
2.7550,8.47302468e-04
2.7600,8.47995484e-04
2.7650,8.48889751e-04
2.7700,8.49677182e-04
2.7750,8.50200668e-04
2.7800,8.50297470e-04
2.7850,8.50013561e-04
2.7900,8.49541144e-04
2.7950,8.49023787e-04
2.8000,8.48671149e-04
2.8050,8.48524819e-04
2.8100,8.48571664e-04
2.8150,8.48744986e-04
2.8200,8.48887324e-04
2.8250,8.48921397e-04
2.8300,8.48753821e-04
2.8350,8.48397051e-04
2.8400,8.47934694e-04
2.8450,8.47454199e-04
2.8500,8.47133369e-04
2.8550,8.47051738e-04
2.8600,8.47284019e-04
2.8650,8.47797609e-04
2.8700,8.48463991e-04
2.8750,8.49190911e-04
2.8800,8.49836747e-04
2.8850,8.50367143e-04
2.8900,8.50758158e-04
2.8950,8.51015963e-04
2.9000,8.51163344e-04
2.9050,8.51209059e-04
2.9100,8.51184468e-04
2.9150,8.51097666e-04
2.9200,8.50944758e-04
2.9250,8.50694105e-04
2.9300,8.50270506e-04
2.9350,8.49642550e-04
2.9400,8.48804146e-04
2.9450,8.47814302e-04
2.9500,8.46860450e-04
2.9550,8.46079321e-04
2.9600,8.45672567e-04
2.9650,8.45658302e-04
2.9700,8.45941405e-04
2.9750,8.46395630e-04
2.9800,8.46795638e-04
2.9850,8.47082545e-04
2.9900,8.47261101e-04
2.9950,8.47409868e-04
3.0000,8.47686305e-04
3.0050,8.48142943e-04
3.0100,8.48789842e-04
3.0150,8.49554521e-04
3.0200,8.50251604e-04
3.0250,8.50782530e-04
3.0300,8.51026988e-04
3.0350,8.50990462e-04
3.0400,8.50744759e-04
3.0450,8.50357115e-04
3.0500,8.49951454e-04
3.0550,8.49574449e-04
3.0600,8.49275031e-04
3.0650,8.49041452e-04
3.0700,8.48828633e-04
3.0750,8.48609508e-04
3.0800,8.48364349e-04
3.0850,8.48105448e-04
3.0900,8.47858950e-04
3.0950,8.47635409e-04
3.1000,8.47456568e-04
3.1050,8.47343719e-04
3.1100,8.47350438e-04
3.1150,8.47502271e-04
3.1200,8.47814545e-04
3.1250,8.48256069e-04
3.1300,8.48720084e-04
3.1350,8.49121023e-04
3.1400,8.49297386e-04
3.1450,8.49196823e-04
3.1500,8.48812884e-04
3.1550,8.48227470e-04
3.1600,8.47652798e-04
3.1650,8.47207105e-04
3.1700,8.47055953e-04
3.1750,8.47209270e-04
3.1800,8.47603897e-04
3.1850,8.48146737e-04
3.1900,8.48620505e-04
3.1950,8.48918050e-04
3.2000,8.48912249e-04
3.2050,8.48628233e-04
3.2100,8.48215718e-04
3.2150,8.47803548e-04
3.2200,8.47623390e-04
3.2250,8.47737774e-04
3.2300,8.48153278e-04
3.2350,8.48774488e-04
3.2400,8.49338855e-04
3.2450,8.49693309e-04
3.2500,8.49633094e-04
3.2550,8.49162096e-04
3.2600,8.48427208e-04
3.2650,8.47586921e-04
3.2700,8.46945430e-04
3.2750,8.46615408e-04
3.2800,8.46712309e-04
3.2850,8.47193217e-04
3.2900,8.47872807e-04
3.2950,8.48613081e-04
3.3000,8.49185046e-04
3.3050,8.49546361e-04
3.3100,8.49722567e-04
3.3150,8.49793054e-04
3.3200,8.49905108e-04
3.3250,8.50104897e-04
3.3300,8.50409051e-04
3.3350,8.50773732e-04
3.3400,8.51074663e-04
3.3450,8.51238594e-04
3.3500,8.51164564e-04
3.3550,8.50854738e-04
3.3600,8.50360417e-04
3.3650,8.49746151e-04
3.3700,8.49147616e-04
3.3750,8.48638821e-04
3.3800,8.48349545e-04
3.3850,8.48302572e-04
3.3900,8.48424373e-04
3.3950,8.48593886e-04
3.4000,8.48562954e-04
3.4050,8.48252492e-04
3.4100,8.47667209e-04
3.4150,8.46928353e-04
3.4200,8.46336411e-04
3.4250,8.46041219e-04
3.4300,8.46195034e-04
3.4350,8.46749087e-04
3.4400,8.47472897e-04
3.4450,8.48186401e-04
3.4500,8.48605291e-04
3.4550,8.48679150e-04
3.4600,8.48430900e-04
3.4650,8.47954572e-04
3.4700,8.47449388e-04
3.4750,8.47020795e-04
3.4800,8.46858559e-04
3.4850,8.47023485e-04
3.4900,8.47568582e-04
3.4950,8.48453191e-04
3.5000,8.49496979e-04
3.5050,8.50555304e-04
3.5100,8.51374226e-04
3.5150,8.51871060e-04
3.5200,8.51979843e-04
3.5250,8.51757921e-04
3.5300,8.51391138e-04
3.5350,8.51009507e-04
3.5400,8.50812976e-04
3.5450,8.50832390e-04
3.5500,8.51020984e-04
3.5550,8.51276846e-04
3.5600,8.51351177e-04
3.5650,8.51118353e-04
3.5700,8.50408338e-04
3.5750,8.49244614e-04
3.5800,8.47839907e-04
3.5850,8.46406645e-04
3.5900,8.45350544e-04
3.5950,8.44805856e-04
3.6000,8.44866441e-04
3.6050,8.45447376e-04
3.6100,8.46283721e-04
3.6150,8.47202621e-04
3.6200,8.47919247e-04
3.6250,8.48367693e-04
3.6300,8.48533418e-04
3.6350,8.48494781e-04
3.6400,8.48436254e-04
3.6450,8.48444033e-04
3.6500,8.48627249e-04
3.6550,8.48976742e-04
3.6600,8.49389807e-04
3.6650,8.49751937e-04
3.6700,8.49844929e-04
3.6750,8.49608528e-04
3.6800,8.49081666e-04
3.6850,8.48391615e-04
3.6900,8.47816209e-04
3.6950,8.47464883e-04
3.7000,8.47417972e-04
3.7050,8.47608818e-04
3.7100,8.47875333e-04
3.7150,8.48133283e-04
3.7200,8.48291126e-04
3.7250,8.48371720e-04
3.7300,8.48460930e-04
3.7350,8.48617261e-04
3.7400,8.48877434e-04
3.7450,8.49202581e-04
3.7500,8.49486049e-04
3.7550,8.49675612e-04
3.7600,8.49715857e-04
3.7650,8.49608401e-04
3.7700,8.49348696e-04
3.7750,8.48940473e-04
3.7800,8.48418710e-04
3.7850,8.47826331e-04
3.7900,8.47269881e-04
3.7950,8.46806376e-04
3.8000,8.46515294e-04
3.8050,8.46399833e-04
3.8100,8.46436525e-04
3.8150,8.46578247e-04
3.8200,8.46747712e-04
3.8250,8.46933596e-04
3.8300,8.47165363e-04
3.8350,8.47475401e-04
3.8400,8.47905532e-04
3.8450,8.48446986e-04
3.8500,8.49040576e-04
3.8550,8.49632160e-04
3.8600,8.50112788e-04
3.8650,8.50430329e-04
3.8700,8.50497905e-04
3.8750,8.50307942e-04
3.8800,8.49912445e-04
3.8850,8.49391102e-04
3.8900,8.48903467e-04
3.8950,8.48507330e-04
3.9000,8.48233263e-04
3.9050,8.48044844e-04
3.9100,8.47846817e-04
3.9150,8.47593400e-04
3.9200,8.47248946e-04
3.9250,8.46846247e-04
3.9300,8.46496213e-04
3.9350,8.46255744e-04
3.9400,8.46156541e-04
3.9450,8.46156727e-04
3.9500,8.46165257e-04
3.9550,8.46158014e-04
3.9600,8.46147207e-04
3.9650,8.46169529e-04
3.9700,8.46263643e-04
3.9750,8.46417251e-04
3.9800,8.46561729e-04
3.9850,8.46652571e-04
3.9900,8.46625936e-04
3.9950,8.46483531e-04
4.0000,8.46267562e-04
4.0050,8.46030608e-04
4.0100,8.45877367e-04
4.0150,8.45851411e-04
4.0200,8.45999500e-04
4.0250,8.46315980e-04
4.0300,8.46784982e-04
4.0350,8.47387138e-04
4.0400,8.48043124e-04
4.0450,8.48683169e-04
4.0500,8.49156579e-04
4.0550,8.49400452e-04
4.0600,8.49346763e-04
4.0650,8.49019860e-04
4.0700,8.48518775e-04
4.0750,8.47930211e-04
4.0800,8.47408072e-04
4.0850,8.46992262e-04
4.0900,8.46673665e-04
4.0950,8.46385307e-04
4.1000,8.45979715e-04
4.1050,8.45408793e-04
4.1100,8.44680462e-04
4.1150,8.43883049e-04
4.1200,8.43229065e-04
4.1250,8.42832699e-04
4.1300,8.42842415e-04
4.1350,8.43252033e-04
4.1400,8.43944711e-04
4.1450,8.44801229e-04
4.1500,8.45606503e-04
4.1550,8.46294615e-04
4.1600,8.46821941e-04
4.1650,8.47222660e-04
4.1700,8.47574919e-04
4.1750,8.47909816e-04
4.1800,8.48258381e-04
4.1850,8.48601293e-04
4.1900,8.48852908e-04
4.1950,8.48941647e-04
4.2000,8.48768448e-04
4.2050,8.48335924e-04
4.2100,8.47728107e-04
4.2150,8.47033619e-04
4.2200,8.46412557e-04
4.2250,8.45918735e-04
4.2300,8.45605174e-04
4.2350,8.45448145e-04
4.2400,8.45375907e-04
4.2450,8.45352170e-04
4.2500,8.45359971e-04
4.2550,8.45429357e-04
4.2600,8.45632778e-04
4.2650,8.45999455e-04
4.2700,8.46532726e-04
4.2750,8.47192263e-04
4.2800,8.47900060e-04
4.2850,8.48614128e-04
4.2900,8.49263906e-04
4.2950,8.49823374e-04
4.3000,8.50255393e-04
4.3050,8.50569338e-04
4.3100,8.50816575e-04
4.3150,8.51035369e-04
4.3200,8.51287366e-04
4.3250,8.51585900e-04
4.3300,8.51941590e-04
4.3350,8.52330715e-04
4.3400,8.52688563e-04
4.3450,8.52964184e-04
4.3500,8.53070550e-04
4.3550,8.52988693e-04
4.3600,8.52696300e-04
4.3650,8.52194135e-04
4.3700,8.51481312e-04
4.3750,8.50574083e-04
4.3800,8.49550933e-04
4.3850,8.48480412e-04
4.3900,8.47478061e-04
4.3950,8.46577178e-04
4.4000,8.45801310e-04
4.4050,8.45141055e-04
4.4100,8.44599130e-04
4.4150,8.44197656e-04
4.4200,8.44014016e-04
4.4250,8.44099958e-04
4.4300,8.44505110e-04
4.4350,8.45201766e-04
4.4400,8.46052229e-04
4.4450,8.46947549e-04
4.4500,8.47718811e-04
4.4550,8.48343930e-04
4.4600,8.48868899e-04
4.4650,8.49344314e-04
4.4700,8.49791453e-04
4.4750,8.50157938e-04
4.4800,8.50296426e-04
4.4850,8.50138039e-04
4.4900,8.49627057e-04
4.4950,8.48805211e-04
4.5000,8.47833293e-04
4.5050,8.46855172e-04
4.5100,8.46133805e-04
4.5150,8.45730341e-04
4.5200,8.45629440e-04
4.5250,8.45733846e-04
4.5300,8.45867838e-04
4.5350,8.45991388e-04
4.5400,8.46139485e-04
4.5450,8.46404054e-04
4.5500,8.46966478e-04
4.5550,8.47891125e-04
4.5600,8.49170922e-04
4.5650,8.50679466e-04
4.5700,8.52089536e-04
4.5750,8.53222893e-04
4.5800,8.53838508e-04
4.5850,8.53914659e-04
4.5900,8.53483757e-04
4.5950,8.52599653e-04
4.6000,8.51345318e-04
4.6050,8.49761470e-04
4.6100,8.47957796e-04
4.6150,8.46022333e-04
4.6200,8.44183649e-04
4.6250,8.42575319e-04
4.6300,8.41405477e-04
4.6350,8.40695351e-04
4.6400,8.40338413e-04
4.6450,8.40197985e-04
4.6500,8.40055709e-04
4.6550,8.39887485e-04
4.6600,8.39801208e-04
4.6650,8.39947646e-04
4.6700,8.40577734e-04
4.6750,8.41727566e-04
4.6800,8.43297259e-04
4.6850,8.45110725e-04
4.6900,8.46782002e-04
4.6950,8.48138042e-04
4.7000,8.48990408e-04
4.7050,8.49380704e-04
4.7100,8.49492706e-04
4.7150,8.49459944e-04
4.7200,8.49468810e-04
4.7250,8.49531226e-04
4.7300,8.49582185e-04
4.7350,8.49535723e-04
4.7400,8.49258671e-04
4.7450,8.48741069e-04
4.7500,8.48069932e-04
4.7550,8.47372197e-04
4.7600,8.46889414e-04
4.7650,8.46692417e-04
4.7700,8.46791819e-04
4.7750,8.47094237e-04
4.7800,8.47382925e-04
4.7850,8.47557818e-04
4.7900,8.47526256e-04
4.7950,8.47333380e-04
4.8000,8.47156980e-04
4.8050,8.47127881e-04
4.8100,8.47416825e-04
4.8150,8.48007811e-04
4.8200,8.48727577e-04
4.8250,8.49417465e-04
4.8300,8.49828705e-04
4.8350,8.49920926e-04
4.8400,8.49756475e-04
4.8450,8.49444536e-04
4.8500,8.49186142e-04
4.8550,8.49028919e-04
4.8600,8.48940198e-04
4.8650,8.48815434e-04
4.8700,8.48448884e-04
4.8750,8.47800330e-04
4.8800,8.46936191e-04
4.8850,8.45975015e-04
4.8900,8.45112273e-04
4.8950,8.44371799e-04
4.9000,8.43690368e-04
4.9050,8.42989650e-04
4.9100,8.42180125e-04
4.9150,8.41284001e-04
4.9200,8.40423613e-04
4.9250,8.39703577e-04
4.9300,8.39296797e-04
4.9350,8.39239737e-04
4.9400,8.39525142e-04
4.9450,8.40098766e-04
4.9500,8.40872618e-04
4.9550,8.41828331e-04
4.9600,8.42940015e-04
4.9650,8.44173355e-04
4.9700,8.45381383e-04
4.9750,8.46449805e-04
4.9800,8.47195976e-04
4.9850,8.47587985e-04
4.9900,8.47632685e-04
4.9950,8.47380457e-04
5.0000,8.46930534e-04
5.0050,8.46335008e-04
5.0100,8.45645032e-04
5.0150,8.44851882e-04
5.0200,8.43938944e-04
5.0250,8.42921566e-04
5.0300,8.41899612e-04
5.0350,8.40972427e-04
5.0400,8.40346503e-04
5.0450,8.40116237e-04
5.0500,8.40410044e-04
5.0550,8.41232442e-04
5.0600,8.42511417e-04
5.0650,8.44128872e-04
5.0700,8.45838881e-04
5.0750,8.47555998e-04
5.0800,8.49228218e-04
5.0850,8.50893686e-04
5.0900,8.52576611e-04
5.0950,8.54202697e-04
5.1000,8.55492186e-04
5.1050,8.56234035e-04
5.1100,8.56101295e-04
5.1150,8.55063970e-04
5.1200,8.53265928e-04
5.1250,8.50911664e-04
5.1300,8.48432082e-04
5.1350,8.45987305e-04
5.1400,8.43699307e-04
5.1450,8.41474563e-04
5.1500,8.39124724e-04
5.1550,8.36643317e-04
5.1600,8.34305858e-04
5.1650,8.32463259e-04
5.1700,8.31942141e-04
5.1750,8.33190755e-04
5.1800,8.36804690e-04
5.1850,8.42743700e-04
5.1900,8.50207009e-04
5.1950,8.58372761e-04
5.2000,8.65381918e-04
5.2050,8.70303611e-04
5.2100,8.72119875e-04
5.2150,8.71150519e-04
5.2200,8.68933345e-04
5.2250,8.66663532e-04
5.2300,8.66310965e-04
5.2350,8.68332886e-04
5.2400,8.72542590e-04
5.2450,8.77962883e-04
5.2500,8.82165554e-04
5.2550,8.83894517e-04
5.2600,8.81734505e-04
5.2650,8.76099548e-04
5.2700,8.69004377e-04
5.2750,8.62042182e-04
5.2800,8.57860055e-04
5.2850,8.57051713e-04
5.2900,8.59447475e-04
5.2950,8.63969098e-04
5.3000,8.68170357e-04
5.3050,8.70999784e-04
5.3100,8.71531864e-04
5.3150,8.70251799e-04
5.3200,8.68692657e-04
5.3250,8.67789385e-04
5.3300,8.68612861e-04
5.3350,8.70929250e-04
5.3400,8.73529700e-04
5.3450,8.75511505e-04
5.3500,8.75502029e-04
5.3550,8.73261823e-04
5.3600,8.69050241e-04
5.3650,8.63509239e-04
5.3700,8.58083597e-04
5.3750,8.53413246e-04
5.3800,8.50248821e-04
5.3850,8.48580666e-04
5.3900,8.48074308e-04
5.3950,8.48314805e-04
5.4000,8.48480899e-04
5.4050,8.48264329e-04
5.4100,8.47417050e-04
5.4150,8.46111380e-04
5.4200,8.44923647e-04
5.4250,8.44218896e-04
5.4300,8.44473957e-04
5.4350,8.45670110e-04
5.4400,8.47453094e-04
5.4450,8.49476486e-04
5.4500,8.51178047e-04
5.4550,8.52471206e-04
5.4600,8.53588284e-04
5.4650,8.54865567e-04
5.4700,8.56830213e-04
5.4750,8.59545417e-04
5.4800,8.62824970e-04
5.4850,8.66398296e-04
5.4900,8.69752738e-04
5.4950,8.72723491e-04
5.5000,8.75232036e-04
5.5050,8.77417700e-04
5.5100,8.79531947e-04
5.5150,8.81582533e-04
5.5200,8.83401912e-04
5.5250,8.84786939e-04
5.5300,8.85332757e-04
5.5350,8.84900604e-04
5.5400,8.83435480e-04
5.5450,8.81115663e-04
5.5500,8.78415123e-04
5.5550,8.75622882e-04
5.5600,8.73118068e-04
5.5650,8.70853280e-04
5.5700,8.68546787e-04
5.5750,8.66010343e-04
5.5800,8.63120011e-04
5.5850,8.60034941e-04
5.5900,8.57404934e-04
5.5950,8.55854505e-04
5.6000,8.56543900e-04
5.6050,8.59917190e-04
5.6100,8.66510408e-04
5.6150,8.76341602e-04
5.6200,8.88912732e-04
5.6250,9.03664627e-04
5.6300,9.19162923e-04
5.6350,9.34616748e-04
5.6400,9.48791129e-04
5.6450,9.61328593e-04
5.6500,9.72039836e-04
5.6550,9.81090688e-04
5.6600,9.88854776e-04
5.6650,9.95401461e-04
5.6700,1.00050021e-03
5.6750,1.00367879e-03
5.6800,1.00355650e-03
5.6850,9.99299402e-04
5.6900,9.89609446e-04
5.6950,9.74513508e-04
5.7000,9.55097008e-04
5.7050,9.32984219e-04
5.7100,9.38673015e-04
5.7150,9.62596766e-04
5.7200,9.73628603e-04
5.7250,9.70143176e-04
5.7300,9.50709331e-04
5.7350,9.16085583e-04
5.7400,8.69422234e-04
5.7450,8.16088838e-04
5.7500,8.03920898e-04
5.7550,8.08182608e-04
5.7600,8.13135479e-04
5.7650,8.17376825e-04
5.7700,8.23456706e-04
5.7750,8.28439977e-04
5.7800,8.32945446e-04
5.7850,8.39765193e-04
5.7900,8.49492526e-04
5.7950,8.58996793e-04
5.8000,8.63260539e-04
5.8050,8.62284523e-04
5.8100,8.58979428e-04
5.8150,8.55106779e-04
5.8200,8.52470677e-04
5.8250,8.51388215e-04
5.8300,8.51680739e-04
5.8350,8.52512394e-04
5.8400,8.51613551e-04
5.8450,8.48206688e-04
5.8500,8.36796216e-04
5.8550,8.27227521e-04
5.8600,8.23452318e-04
5.8650,8.23478695e-04
5.8700,8.24909177e-04
5.8750,8.26849479e-04
5.8800,8.26283547e-04
5.8850,8.21159454e-04
5.8900,8.09838662e-04
5.8950,8.23931918e-04
5.9000,8.40211678e-04
5.9050,8.58296247e-04
5.9100,8.77453956e-04
5.9150,8.97271376e-04
5.9200,9.15684513e-04
5.9250,9.30736404e-04
5.9300,9.40238010e-04
5.9350,9.44498036e-04
5.9400,9.45858619e-04
5.9450,9.46093607e-04
5.9500,9.47426511e-04
5.9550,9.49635131e-04
5.9600,9.51335247e-04
5.9650,9.51491410e-04
5.9700,9.48216572e-04
5.9750,9.40875817e-04
5.9800,9.29044966e-04
5.9850,9.13393281e-04
5.9900,8.96182097e-04
5.9950,8.79210234e-04
6.0000,8.66143764e-04
6.0050,8.58278318e-04
6.0100,8.57005497e-04
6.0150,8.62101968e-04
6.0200,8.71535146e-04
6.0250,8.83646781e-04
6.0300,8.95564452e-04
6.0350,9.06485275e-04
6.0400,9.15866112e-04
6.0450,9.23980503e-04
6.0500,9.31655293e-04
6.0550,9.39362217e-04
6.0600,9.47587479e-04
6.0650,9.55831172e-04
6.0700,9.62089401e-04
6.0750,9.64935180e-04
6.0800,9.62030088e-04
6.0850,9.53087518e-04
6.0900,9.38927402e-04
6.0950,9.21280897e-04
6.1000,9.03794800e-04
6.1050,8.88060494e-04
6.1100,8.75888082e-04
6.1150,8.66972407e-04
6.1200,8.66017657e-04
6.1250,8.83315638e-04
6.1300,8.90834345e-04
6.1350,8.88894050e-04
6.1400,8.78352054e-04
6.1450,8.59294083e-04
6.1500,8.31428329e-04
6.1550,8.27618884e-04
6.1600,8.29075076e-04
6.1650,8.31230285e-04
6.1700,8.32265563e-04
6.1750,8.31543069e-04
6.1800,8.28591719e-04
6.1850,8.23708452e-04
6.1900,8.17668401e-04
6.1950,8.11187389e-04
6.2000,8.05474512e-04
6.2050,8.02817591e-04
6.2100,8.05579746e-04
6.2150,8.08974745e-04
6.2200,8.10791884e-04
6.2250,8.10442952e-04
6.2300,8.08856480e-04
6.2350,8.07361162e-04
6.2400,8.08237307e-04
6.2450,8.12179571e-04
6.2500,8.18627615e-04
6.2550,8.25712982e-04
6.2600,8.29202637e-04
6.2650,8.27272287e-04
6.2700,8.19572815e-04
6.2750,8.08518248e-04
6.2800,8.04960907e-04
6.2850,8.18702022e-04
6.2900,8.30309294e-04
6.2950,8.39294139e-04
6.3000,8.45835601e-04
6.3050,8.50732166e-04
6.3100,8.55965759e-04
6.3150,8.62523489e-04
6.3200,8.71777817e-04
6.3250,8.83422101e-04
6.3300,8.95942384e-04
6.3350,9.08261608e-04
6.3400,9.19072045e-04
6.3450,9.28500588e-04
6.3500,9.37745389e-04
6.3550,9.47900054e-04
6.3600,9.60185334e-04
6.3650,9.74169825e-04
6.3700,9.87566574e-04
6.3750,9.98487236e-04
6.3800,1.00368511e-03
6.3850,1.00228516e-03
6.3900,9.94538091e-04
6.3950,9.82096604e-04
6.4000,9.68958841e-04
6.4050,9.57087300e-04
6.4100,9.48526070e-04
6.4150,9.42570947e-04
6.4200,9.36046374e-04
6.4250,9.26702380e-04
6.4300,9.11489620e-04
6.4350,8.90606335e-04
6.4400,8.66205157e-04
6.4450,8.40558775e-04
6.4500,8.17508847e-04
6.4550,8.04854579e-04
6.4600,8.16197732e-04
6.4650,8.29116104e-04
6.4700,8.40353699e-04
6.4750,8.52721305e-04
6.4800,8.59085642e-04
6.4850,8.89405326e-04
6.4900,9.11563632e-04
6.4950,9.14291714e-04
6.5000,8.96623075e-04
6.5050,8.69418843e-04
6.5100,8.58276012e-04
6.5150,8.43776135e-04
6.5200,8.26448009e-04
6.5250,8.07909766e-04
6.5300,8.14990532e-04
6.5350,8.46366022e-04
6.5400,8.80160846e-04
6.5450,9.13097367e-04
6.5500,9.40124892e-04
6.5550,9.61813934e-04
6.5600,9.78219843e-04
6.5650,9.84940688e-04
6.5700,9.75242302e-04
6.5750,9.52488974e-04
6.5800,9.27090684e-04
6.5850,9.46000137e-04
6.5900,1.07691697e-03
6.5950,1.19738132e-03
6.6000,1.29381563e-03
6.6050,1.36086562e-03
6.6100,1.39418204e-03
6.6150,1.39349587e-03
6.6200,1.35830203e-03
6.6250,1.33276028e-03
6.6300,1.52819942e-03
6.6350,1.70776774e-03
6.6400,1.85469397e-03
6.6450,1.96244135e-03
6.6500,2.02369781e-03
6.6550,2.03592506e-03
6.6600,1.99509671e-03
6.6650,1.90215475e-03
6.6700,1.76924755e-03
6.6750,1.62594689e-03
6.6800,1.49444958e-03
6.6850,1.54753299e-03
6.6900,1.68858179e-03
6.6950,1.76562431e-03
6.7000,1.77689213e-03
6.7050,1.72729889e-03
6.7100,1.63051653e-03
6.7150,1.49605833e-03
6.7200,1.33829425e-03
6.7250,1.16288976e-03
6.7300,9.79205654e-04
6.7350,9.27983571e-04
6.7400,9.48312601e-04
6.7450,9.37863992e-04
6.7500,9.12399177e-04
6.7550,8.85267357e-04
6.7600,8.71472943e-04
6.7650,9.57690715e-04
6.7700,1.15944774e-03
6.7750,1.38900480e-03
6.7800,1.59638263e-03
6.7850,1.74698940e-03
6.7900,1.80294164e-03
6.7950,1.76648651e-03
6.8000,1.66957615e-03
6.8050,1.54254230e-03
6.8100,1.42890664e-03
6.8150,1.33415183e-03
6.8200,1.24954180e-03
6.8250,1.15980888e-03
6.8300,1.04550795e-03
6.8350,1.03089031e-03
6.8400,1.10473049e-03
6.8450,1.20214302e-03
6.8500,1.31463849e-03
6.8550,1.43574377e-03
6.8600,1.55635181e-03
6.8650,1.67605786e-03
6.8700,1.78770328e-03
6.8750,1.89375810e-03
6.8800,1.95993412e-03
6.8850,1.98361506e-03
6.8900,1.96624848e-03
6.8950,1.90822564e-03
6.9000,1.80325568e-03
6.9050,1.65395131e-03
6.9100,1.73308291e-03
6.9150,1.94165987e-03
6.9200,2.15283181e-03
6.9250,2.37419536e-03
6.9300,2.59520000e-03
6.9350,2.79694268e-03
6.9400,2.92935772e-03
6.9450,3.34363650e-03
6.9500,4.26732057e-03
6.9550,5.23397894e-03
6.9600,6.18718571e-03
6.9650,7.09457169e-03
6.9700,7.88119066e-03
6.9750,8.50653673e-03
6.9800,8.91194331e-03
6.9850,9.09829089e-03
6.9900,9.10786094e-03
6.9950,8.98833729e-03
7.0000,8.82360003e-03
7.0050,8.63483940e-03
7.0100,8.42971656e-03
7.0150,8.19600864e-03
7.0200,7.91422596e-03
7.0250,7.58205596e-03
7.0300,7.19768204e-03
7.0350,6.78285177e-03
7.0400,6.41127433e-03
7.0450,6.00108663e-03
7.0500,5.55909795e-03
7.0550,5.01278341e-03
7.0600,4.23910970e-03
7.0650,3.23344852e-03
7.0700,2.05405061e-03
7.0750,1.57643039e-03
7.0800,2.62022795e-03
7.0850,3.79111874e-03
7.0900,4.83925679e-03
7.0950,5.69887237e-03
7.1000,6.40443040e-03
7.1050,7.02964799e-03
7.1100,7.60339773e-03
7.1150,8.06274431e-03
7.1200,8.31582931e-03
7.1250,8.34925833e-03
7.1300,8.13332689e-03
7.1350,7.64771606e-03
7.1400,6.88431592e-03
7.1450,5.88805357e-03
7.1500,4.78547604e-03
7.1550,4.76467984e-03
7.1600,4.88419259e-03
7.1650,4.99379917e-03
7.1700,5.14282917e-03
7.1750,5.31294853e-03
7.1800,5.45234342e-03
7.1850,5.51821643e-03
7.1900,5.46077700e-03
7.1950,5.25283375e-03
7.2000,4.89586845e-03
7.2050,4.43276414e-03
7.2100,4.22646658e-03
7.2150,3.99356699e-03
7.2200,3.63334907e-03
7.2250,3.56358654e-03
7.2300,3.51876474e-03
7.2350,3.30617907e-03
7.2400,3.08069679e-03
7.2450,2.96456204e-03
7.2500,3.51636896e-03
7.2550,3.96540251e-03
7.2600,4.27940491e-03
7.2650,4.39322426e-03
7.2700,4.23685485e-03
7.2750,4.48659466e-03
7.2800,5.56024397e-03
7.2850,6.55939497e-03
7.2900,7.28683554e-03
7.2950,7.71084434e-03
7.3000,7.83389909e-03
7.3050,7.66091980e-03
7.3100,7.22053653e-03
7.3150,6.56370230e-03
7.3200,5.84113581e-03
7.3250,5.14603523e-03
7.3300,4.61078977e-03
7.3350,4.48854023e-03
7.3400,4.34385907e-03
7.3450,4.08689076e-03
7.3500,3.72069806e-03
7.3550,3.27602362e-03
7.3600,3.06085275e-03
7.3650,2.89662695e-03
7.3700,2.78886298e-03
7.3750,2.71068454e-03
7.3800,2.66033507e-03
7.3850,2.64888379e-03
7.3900,2.69804332e-03
7.3950,2.85970661e-03
7.4000,3.04844453e-03
7.4050,3.21087945e-03
7.4100,3.25504321e-03
7.4150,3.73861302e-03
7.4200,3.98417443e-03
7.4250,3.85784785e-03
7.4300,3.64787186e-03
7.4350,3.51499529e-03
7.4400,4.27864454e-03
7.4450,5.32526010e-03
7.4500,6.51233162e-03
7.4550,7.82883206e-03
7.4600,9.24127058e-03
7.4650,1.07174407e-02
7.4700,1.21948726e-02
7.4750,1.36444864e-02
7.4800,1.50426412e-02
7.4850,1.64019893e-02
7.4900,1.77433065e-02
7.4950,1.90543263e-02
7.5000,2.02607792e-02
7.5050,2.13009312e-02
7.5100,2.20862101e-02
7.5150,2.26058502e-02
7.5200,2.28466690e-02
7.5250,2.27948809e-02
7.5300,2.24137979e-02
7.5350,2.16896399e-02
7.5400,2.06108662e-02
7.5450,1.91779687e-02
7.5500,1.73895601e-02
7.5550,1.52575736e-02
7.5600,1.28265207e-02
7.5650,1.01452000e-02
7.5700,7.30521997e-03
7.5750,6.00124833e-03
7.5800,7.80615942e-03
7.5850,9.45809568e-03
7.5900,1.03918583e-02
7.5950,1.04528269e-02
7.6000,9.83810118e-03
7.6050,8.95459183e-03
7.6100,8.39095035e-03
7.6150,8.20075410e-03
7.6200,8.37506456e-03
7.6250,8.88765356e-03
7.6300,9.30822416e-03
7.6350,9.45767055e-03
7.6400,9.19153266e-03
7.6450,8.61413978e-03
7.6500,8.04578265e-03
7.6550,7.60092507e-03
7.6600,7.30224340e-03
7.6650,7.11637476e-03
7.6700,6.98724798e-03
7.6750,7.65912662e-03
7.6800,8.09528303e-03
7.6850,8.14696912e-03
7.6900,7.88359471e-03
7.6950,7.62745583e-03
7.7000,7.30422184e-03
7.7050,6.79956559e-03
7.7100,6.30853868e-03
7.7150,5.69784612e-03
7.7200,5.78430480e-03
7.7250,6.10370917e-03
7.7300,6.28747299e-03
7.7350,6.35225663e-03
7.7400,6.38959321e-03
7.7450,6.44501320e-03
7.7500,6.48057494e-03
7.7550,6.39506431e-03
7.7600,5.94151520e-03
7.7650,5.07331340e-03
7.7700,4.18659268e-03
7.7750,3.56752371e-03
7.7800,2.63107171e-03
7.7850,2.16805529e-03
7.7900,2.64450578e-03
7.7950,3.13294484e-03
7.8000,3.42809013e-03
7.8050,4.26338347e-03
7.8100,5.26867892e-03
7.8150,6.09828986e-03
7.8200,6.78324093e-03
7.8250,7.40860607e-03
7.8300,8.04443651e-03
7.8350,8.67930493e-03
7.8400,9.37694489e-03
7.8450,1.02194809e-02
7.8500,1.12204144e-02
7.8550,1.23608946e-02
7.8600,1.36107165e-02
7.8650,1.49685202e-02
7.8700,1.64276115e-02
7.8750,1.79641648e-02
7.8800,1.95000945e-02
7.8850,2.10018897e-02
7.8900,2.23812175e-02
7.8950,2.35921283e-02
7.9000,2.45847111e-02
7.9050,2.53398413e-02
7.9100,2.58184460e-02
7.9150,2.60013166e-02
7.9200,2.58371031e-02
7.9250,2.52902786e-02
7.9300,2.42746692e-02
7.9350,2.27585768e-02
7.9400,2.07460034e-02
7.9450,1.82237845e-02
7.9500,1.52151038e-02
7.9550,1.17953112e-02
7.9600,8.14010702e-03
7.9650,4.40820003e-03
7.9700,5.82066455e-03
7.9750,7.12247446e-03
7.9800,7.84692956e-03
7.9850,8.06124433e-03
7.9900,8.23161969e-03
7.9950,8.65160461e-03
8.0000,9.57034320e-03
8.0050,1.09345814e-02
8.0100,1.25955534e-02
8.0150,1.44452595e-02
8.0200,1.61298164e-02
8.0250,1.74043367e-02
8.0300,1.79326554e-02
8.0350,1.77205378e-02
8.0400,1.70354988e-02
8.0450,1.61382591e-02
8.0500,1.54371424e-02
8.0550,1.50020337e-02
8.0600,1.47594751e-02
8.0650,1.45384058e-02
8.0700,1.56410728e-02
8.0750,1.74690353e-02
8.0800,1.88931556e-02
8.0850,1.99410264e-02
8.0900,2.07040779e-02
8.0950,2.12859458e-02
8.1000,2.17047452e-02
8.1050,2.19174877e-02
8.1100,2.18109021e-02
8.1150,2.12010810e-02
8.1200,1.98032715e-02
8.1250,1.78100591e-02
8.1300,1.58336759e-02
8.1350,1.40216118e-02
8.1400,1.24149105e-02
8.1450,1.09566766e-02
8.1500,9.72936998e-03
8.1550,8.74660716e-03
8.1600,7.94755880e-03
8.1650,7.27044805e-03
8.1700,6.63161297e-03
8.1750,6.01865128e-03
8.1800,5.43573511e-03
8.1850,4.92326319e-03
8.1900,4.51781262e-03
8.1950,4.21312063e-03
8.2000,4.12488314e-03
8.2050,4.27862207e-03
8.2100,4.57060531e-03
8.2150,5.01197823e-03
8.2200,5.52423381e-03
8.2250,6.07338632e-03
8.2300,6.60140830e-03
8.2350,7.05704719e-03
8.2400,7.33132203e-03
8.2450,7.36480842e-03
8.2500,7.11984070e-03
8.2550,6.58497916e-03
8.2600,5.77856086e-03
8.2650,4.75686806e-03
8.2700,3.67570553e-03
8.2750,2.61728544e-03
8.2800,2.68749564e-03
8.2850,4.10184769e-03
8.2900,6.50219163e-03
8.2950,9.41693496e-03
8.3000,1.18370716e-02
8.3050,1.36038075e-02
8.3100,1.46244457e-02
8.3150,1.50474218e-02
8.3200,1.53942053e-02
8.3250,1.59543526e-02
8.3300,1.69565225e-02
8.3350,1.82441552e-02
8.3400,1.94571764e-02
8.3450,2.04706917e-02
8.3500,2.11730376e-02
8.3550,2.15780673e-02
8.3600,2.17411449e-02
8.3650,2.17225953e-02
8.3700,2.16670845e-02
8.3750,2.16428764e-02
8.3800,2.17181232e-02
8.3850,2.18738360e-02
8.3900,2.20528380e-02
8.3950,2.22280566e-02
8.4000,2.23692093e-02
8.4050,2.24672711e-02
8.4100,2.24972565e-02
8.4150,2.26154591e-02
8.4200,2.28838468e-02
8.4250,2.31873358e-02
8.4300,2.32383281e-02
8.4350,2.29139100e-02
8.4400,2.22571537e-02
8.4450,2.14231276e-02
8.4500,2.06128916e-02
8.4550,1.98338051e-02
8.4600,1.90559250e-02
8.4650,1.82405599e-02
8.4700,1.72182265e-02
8.4750,1.58972180e-02
8.4800,1.42568972e-02
8.4850,1.24023701e-02
8.4900,1.05429040e-02
8.4950,8.74681262e-03
8.5000,7.08159959e-03
8.5050,5.53872233e-03
8.5100,4.08089576e-03
8.5150,3.35116660e-03
8.5200,3.41097522e-03
8.5250,3.88957226e-03
8.5300,4.53358477e-03
8.5350,5.13045632e-03
8.5400,5.59923018e-03
8.5450,5.95507249e-03
8.5500,6.14105080e-03
8.5550,6.07732831e-03
8.5600,5.70704750e-03
8.5650,5.09913285e-03
8.5700,4.43893585e-03
8.5750,3.82328069e-03
8.5800,3.27407450e-03
8.5850,2.72166533e-03
8.5900,2.08925967e-03
8.5950,1.55163930e-03
8.6000,1.48027321e-03
8.6050,1.75048432e-03
8.6100,2.16245031e-03
8.6150,2.61365295e-03
8.6200,3.10056532e-03
8.6250,3.26420360e-03
8.6300,3.43632750e-03
8.6350,3.56264273e-03
8.6400,3.62224861e-03
8.6450,3.59634283e-03
8.6500,3.59314928e-03
8.6550,3.78801102e-03
8.6600,4.14206407e-03
8.6650,4.58394803e-03
8.6700,5.03320335e-03
8.6750,5.31030197e-03
8.6800,5.47052466e-03
8.6850,5.62949052e-03
8.6900,5.96408443e-03
8.6950,6.50513126e-03
8.7000,7.15750381e-03
8.7050,7.82702199e-03
8.7100,8.36917802e-03
8.7150,8.76639674e-03
8.7200,9.05268535e-03
8.7250,9.28056695e-03
8.7300,9.52513212e-03
8.7350,9.78592634e-03
8.7400,1.00026686e-02
8.7450,1.01116121e-02
8.7500,1.00100125e-02
8.7550,9.68371380e-03
8.7600,9.16199799e-03
8.7650,8.49011874e-03
8.7700,7.75198259e-03
8.7750,6.97775661e-03
8.7800,6.19354386e-03
8.7850,5.38242928e-03
8.7900,5.99951885e-03
8.7950,6.92343234e-03
8.8000,8.12342354e-03
8.8050,9.52490896e-03
8.8100,1.10888117e-02
8.8150,1.29215215e-02
8.8200,1.50800793e-02
8.8250,1.74550718e-02
8.8300,1.98350118e-02
8.8350,2.21461241e-02
8.8400,2.42357215e-02
8.8450,2.60338256e-02
8.8500,2.74795624e-02
8.8550,2.85744725e-02
8.8600,2.93007033e-02
8.8650,2.96431514e-02
8.8700,2.95390915e-02
8.8750,2.89829180e-02
8.8800,2.79763245e-02
8.8850,2.65327435e-02
8.8900,2.47059765e-02
8.8950,2.25458322e-02
8.9000,2.01691900e-02
8.9050,1.76396690e-02
8.9100,1.50751934e-02
8.9150,1.25239018e-02
8.9200,1.00621017e-02
8.9250,7.70794419e-03
8.9300,6.82962972e-03
8.9350,7.51894195e-03
8.9400,7.98518092e-03
8.9450,8.16374280e-03
8.9500,8.06324901e-03
8.9550,7.62714204e-03
8.9600,7.00501249e-03
8.9650,6.57325706e-03
8.9700,6.66777262e-03
8.9750,6.71604424e-03
8.9800,6.62878025e-03
8.9850,6.18397824e-03
8.9900,6.44373798e-03
8.9950,7.21113716e-03
9.0000,8.28159236e-03
9.0050,9.66194404e-03
9.0100,1.13053290e-02
9.0150,1.32028973e-02
9.0200,1.53072139e-02
9.0250,1.74433001e-02
9.0300,1.95446783e-02
9.0350,2.16026091e-02
9.0400,2.35836247e-02
9.0450,2.54646740e-02
9.0500,2.71408441e-02
9.0550,2.85341787e-02
9.0600,2.95382549e-02
9.0650,3.06302202e-02
9.0700,3.15079828e-02
9.0750,3.20590820e-02
9.0800,3.19991537e-02
9.0850,3.12855069e-02
9.0900,3.00740288e-02
9.0950,2.85082166e-02
9.1000,2.67474829e-02
9.1050,2.47978367e-02
9.1100,2.26619880e-02
9.1150,2.04301995e-02
9.1200,1.83450597e-02
9.1250,1.64105480e-02
9.1300,1.44873164e-02
9.1350,1.24452349e-02
9.1400,1.01791972e-02
9.1450,7.79097867e-03
9.1500,7.18193877e-03
9.1550,6.38796857e-03
9.1600,5.23357508e-03
9.1650,3.93366256e-03
9.1700,2.42641137e-03
9.1750,1.99443032e-03
9.1800,1.92271108e-03
9.1850,3.05395591e-03
9.1900,3.54231186e-03
9.1950,3.67543832e-03
9.2000,3.81887364e-03
9.2050,3.95856451e-03
9.2100,3.91059116e-03
9.2150,3.60161645e-03
9.2200,4.18228351e-03
9.2250,4.86001872e-03
9.2300,5.01116946e-03
9.2350,4.61547156e-03
9.2400,3.84742593e-03
9.2450,3.67047735e-03
9.2500,5.12330048e-03
9.2550,6.74935336e-03
9.2600,8.54141436e-03
9.2650,1.04898470e-02
9.2700,1.24303311e-02
9.2750,1.42174612e-02
9.2800,1.56130668e-02
9.2850,1.65536481e-02
9.2900,1.69864571e-02
9.2950,1.69149059e-02
9.3000,1.63304907e-02
9.3050,1.52179219e-02
9.3100,1.35942479e-02
9.3150,1.15093393e-02
9.3200,9.11338174e-03
9.3250,6.50956521e-03
9.3300,4.00931197e-03
9.3350,2.36815788e-03
9.3400,2.68014701e-03
9.3450,3.64447900e-03
9.3500,5.18633846e-03
9.3550,6.96064983e-03
9.3600,8.93277371e-03
9.3650,1.09132351e-02
9.3700,1.23490326e-02
9.3750,1.30728991e-02
9.3800,1.33834463e-02
9.3850,1.35817374e-02
9.3900,1.39045994e-02
9.3950,1.42362890e-02
9.4000,1.43418387e-02
9.4050,1.41664646e-02
9.4100,1.37201690e-02
9.4150,1.30760828e-02
9.4200,1.23974292e-02
9.4250,1.17341192e-02
9.4300,1.21519574e-02
9.4350,1.32463530e-02
9.4400,1.37021240e-02
9.4450,1.34041965e-02
9.4500,1.24323739e-02
9.4550,1.11574634e-02
9.4600,9.82474435e-03
9.4650,8.41988686e-03
9.4700,8.34859213e-03
9.4750,8.88619387e-03
9.4800,9.47789655e-03
9.4850,1.00450903e-02
9.4900,1.05611956e-02
9.4950,1.10628845e-02
9.5000,1.15809986e-02
9.5050,1.20931475e-02
9.5100,1.25147269e-02
9.5150,1.28454944e-02
9.5200,1.28185840e-02
9.5250,1.21955892e-02
9.5300,1.08490945e-02
9.5350,9.01114658e-03
9.5400,7.15267049e-03
9.5450,5.38244675e-03
9.5500,3.72089897e-03
9.5550,3.03383167e-03
9.5600,5.08210951e-03
9.5650,7.43456935e-03
9.5700,9.74477445e-03
9.5750,1.18311670e-02
9.5800,1.36307012e-02
9.5850,1.51950643e-02
9.5900,1.63851772e-02
9.5950,1.70030079e-02
9.6000,1.68364668e-02
9.6050,1.59655535e-02
9.6100,1.46513122e-02
9.6150,1.30223572e-02
9.6200,1.12847005e-02
9.6250,9.46487063e-03
9.6300,7.59093521e-03
9.6350,5.77619062e-03
9.6400,4.23330328e-03
9.6450,4.46584523e-03
9.6500,5.37540504e-03
9.6550,6.24012630e-03
9.6600,6.97291613e-03
9.6650,7.49579706e-03
9.6700,7.66185099e-03
9.6750,7.40104633e-03
9.6800,6.80112600e-03
9.6850,5.91527466e-03
9.6900,5.66454562e-03
9.6950,5.49129468e-03
9.7000,4.85825736e-03
9.7050,3.82122444e-03
9.7100,4.51993243e-03
9.7150,5.10871030e-03
9.7200,5.53202091e-03
9.7250,5.68839376e-03
9.7300,5.43523372e-03
9.7350,4.79783417e-03
9.7400,5.17921152e-03
9.7450,6.13750046e-03
9.7500,7.07220731e-03
9.7550,7.99436349e-03
9.7600,8.88134548e-03
9.7650,9.69666147e-03
9.7700,1.03604411e-02
9.7750,1.08837959e-02
9.7800,1.12724103e-02
9.7850,1.15454188e-02
9.7900,1.17710466e-02
9.7950,1.19607710e-02
9.8000,1.21052072e-02
9.8050,1.21712265e-02
9.8100,1.21170098e-02
9.8150,1.19708189e-02
9.8200,1.17042160e-02
9.8250,1.13516899e-02
9.8300,1.09659520e-02
9.8350,1.05742626e-02
9.8400,1.01989342e-02
9.8450,9.82815196e-03
9.8500,9.39297994e-03
9.8550,8.85581363e-03
9.8600,8.16380192e-03
9.8650,7.27183746e-03
9.8700,6.14873700e-03
9.8750,5.11424057e-03
9.8800,4.54804789e-03
9.8850,3.78334857e-03
9.8900,2.91186058e-03
9.8950,2.00251972e-03
9.9000,2.30198402e-03
9.9050,2.63295334e-03
9.9100,2.97125655e-03
9.9150,3.39516250e-03
9.9200,3.96603599e-03
9.9250,4.46369346e-03
9.9300,4.78962646e-03
9.9350,4.88974586e-03
9.9400,4.65096847e-03
9.9450,4.07197931e-03
9.9500,4.62741326e-03
9.9550,4.76424082e-03
9.9600,4.56389171e-03
9.9650,4.22734911e-03
9.9700,4.11613290e-03
9.9750,4.30179902e-03
9.9800,5.32702941e-03
9.9850,6.99760230e-03
9.9900,8.61388182e-03
9.9950,1.01122859e-02
10.0000,1.13876760e-02
10.0050,1.24028774e-02
10.0100,1.31588030e-02
10.0150,1.36818752e-02
10.0200,1.40031662e-02
10.0250,1.40994199e-02
10.0300,1.38742055e-02
10.0350,1.32621484e-02
10.0400,1.21888954e-02
10.0450,1.06760127e-02
10.0500,8.82925678e-03
10.0550,6.70833279e-03
10.0600,4.48657338e-03
10.0650,2.29514018e-03
10.0700,2.23798083e-03
10.0750,2.50135139e-03
10.0800,2.69721965e-03
10.0850,2.85159122e-03
10.0900,2.94742079e-03
10.0950,2.94817194e-03
10.1000,3.02049594e-03
10.1050,3.15037913e-03
10.1100,3.19080828e-03
10.1150,3.12615028e-03
10.1200,3.01660168e-03
10.1250,2.86071407e-03
10.1300,2.69908911e-03
10.1350,2.52995647e-03
10.1400,2.82099610e-03
10.1450,3.26980593e-03
10.1500,3.85864509e-03
10.1550,4.59143433e-03
10.1600,5.39133619e-03
10.1650,6.21373109e-03
10.1700,7.01502164e-03
10.1750,7.77234937e-03
10.1800,8.42294767e-03
10.1850,8.88837702e-03
10.1900,9.03363691e-03
10.1950,8.89147456e-03
10.2000,8.56539435e-03
10.2050,8.11921051e-03
10.2100,7.55869897e-03
10.2150,6.81786004e-03
10.2200,5.85879688e-03
10.2250,4.72303523e-03
10.2300,3.49561169e-03
10.2350,2.74279238e-03
10.2400,2.70328615e-03
10.2450,2.51568870e-03
10.2500,2.26564320e-03
10.2550,2.66138404e-03
10.2600,3.15132489e-03
10.2650,3.55122149e-03
10.2700,3.75652818e-03
10.2750,3.75582820e-03
10.2800,3.60453472e-03
10.2850,3.63167002e-03
10.2900,3.72945959e-03
10.2950,3.82354990e-03
10.3000,3.76146754e-03
10.3050,3.51923759e-03
10.3100,3.14601629e-03
10.3150,2.98279259e-03
10.3200,2.82826912e-03
10.3250,2.59257974e-03
10.3300,2.70141493e-03
10.3350,3.39804783e-03
10.3400,4.04228703e-03
10.3450,4.61147915e-03
10.3500,5.07100245e-03
10.3550,5.43641762e-03
10.3600,5.69534126e-03
10.3650,5.82870873e-03
10.3700,5.84898848e-03
10.3750,5.79173041e-03
10.3800,5.72030959e-03
10.3850,5.65195196e-03
10.3900,5.57527735e-03
10.3950,5.46269641e-03
10.4000,5.28461181e-03
10.4050,5.06554296e-03
10.4100,4.91833782e-03
10.4150,4.97221163e-03
10.4200,5.25442529e-03
10.4250,5.77016610e-03
10.4300,6.48705620e-03
10.4350,7.37490159e-03
10.4400,8.38600218e-03
10.4450,9.51287055e-03
10.4500,1.07223550e-02
10.4550,1.19806768e-02
10.4600,1.31978798e-02
10.4650,1.43078233e-02
10.4700,1.51578633e-02
10.4750,1.56662316e-02
10.4800,1.57151256e-02
10.4850,1.53164647e-02
10.4900,1.44857093e-02
10.4950,1.32396124e-02
10.5000,1.16035095e-02
10.5050,9.57814780e-03
10.5100,7.29250664e-03
10.5150,4.71529329e-03
10.5200,2.97427552e-03
10.5250,1.93641802e-03
10.5300,1.96225452e-03
10.5350,3.87690014e-03
10.5400,4.91793120e-03
10.5450,5.51498566e-03
10.5500,6.09720803e-03
10.5550,6.57106934e-03
10.5600,7.06380162e-03
10.5650,8.62195855e-03
10.5700,9.94559430e-03
10.5750,1.09132811e-02
10.5800,1.14099058e-02
10.5850,1.15196064e-02
10.5900,1.15157893e-02
10.5950,1.15347257e-02
10.6000,1.17038959e-02
10.6050,1.19813209e-02
10.6100,1.22203745e-02
10.6150,1.23283926e-02
10.6200,1.37214137e-02
10.6250,1.63110606e-02
10.6300,1.85541530e-02
10.6350,2.03755386e-02
10.6400,2.16720140e-02
10.6450,2.24835956e-02
10.6500,2.27200139e-02
10.6550,2.23503785e-02
10.6600,2.13535415e-02
10.6650,1.97217221e-02
10.6700,1.74318573e-02
10.6750,1.44962195e-02
10.6800,1.10015846e-02
10.6850,7.07549661e-03
10.6900,3.36163407e-03
10.6950,3.38917625e-03
10.7000,4.07623164e-03
10.7050,5.52528396e-03
10.7100,6.25923043e-03
10.7150,6.52898362e-03
10.7200,6.85237516e-03
10.7250,7.34351098e-03
10.7300,7.79959748e-03
10.7350,8.06269205e-03
10.7400,7.89807079e-03
10.7450,7.37085070e-03
10.7500,8.23071422e-03
10.7550,8.99986553e-03
10.7600,9.51604938e-03
10.7650,9.81217676e-03
10.7700,1.00381136e-02
10.7750,1.02707024e-02
10.7800,1.05139337e-02
10.7850,1.06579103e-02
10.7900,1.04787203e-02
10.7950,9.91896507e-03
10.8000,1.24741012e-02
10.8050,1.50454426e-02
10.8100,1.74327141e-02
10.8150,1.96150359e-02
10.8200,2.15414803e-02
10.8250,2.32379007e-02
10.8300,2.46185998e-02
10.8350,2.56686207e-02
10.8400,2.63546352e-02
10.8450,2.66587787e-02
10.8500,2.64541789e-02
10.8550,2.56170595e-02
10.8600,2.41800621e-02
10.8650,2.24063628e-02
10.8700,2.07417633e-02
10.8750,1.92715925e-02
10.8800,1.80532917e-02
10.8850,1.70866866e-02
10.8900,1.63416425e-02
10.8950,1.57509216e-02
10.9000,1.52064307e-02
10.9050,1.47003964e-02
10.9100,1.42217837e-02
10.9150,1.37468323e-02
10.9200,1.32090590e-02
10.9250,1.25647395e-02
10.9300,1.17361259e-02
10.9350,1.06965891e-02
10.9400,9.41552381e-03
10.9450,7.90362988e-03
10.9500,6.21815081e-03
10.9550,4.45695441e-03
10.9600,2.89208000e-03
10.9650,2.11661811e-03
10.9700,2.69375299e-03
10.9750,3.91749418e-03
10.9800,4.85693618e-03
10.9850,5.45234808e-03
10.9900,5.68842346e-03
10.9950,5.56534200e-03
11.0000,5.14836671e-03
11.0050,4.44959475e-03
11.0100,3.54573906e-03
11.0150,2.54339173e-03
11.0200,2.23163372e-03
11.0250,3.07585521e-03
11.0300,4.40971452e-03
11.0350,5.77311870e-03
11.0400,7.21991407e-03
11.0450,8.77784630e-03
11.0500,1.05183177e-02
11.0550,1.24286121e-02
11.0600,1.44146681e-02
11.0650,1.63705259e-02
11.0700,1.80668320e-02
11.0750,1.93985960e-02
11.0800,2.02834912e-02
11.0850,2.07876572e-02
11.0900,2.10551191e-02
11.0950,2.11216957e-02
11.1000,2.09936799e-02
11.1050,2.06436190e-02
11.1100,2.00151945e-02
11.1150,1.90925674e-02
11.1200,1.79235291e-02
11.1250,1.66022386e-02
11.1300,1.53349901e-02
11.1350,1.42912911e-02
11.1400,1.38702906e-02
11.1450,1.38522564e-02
11.1500,1.35622939e-02
11.1550,1.30272078e-02
11.1600,1.22503078e-02
11.1650,1.12460840e-02
11.1700,1.00224019e-02
11.1750,8.56587165e-03
11.1800,6.84764679e-03
11.1850,4.81167754e-03
11.1900,3.67820941e-03
11.1950,3.02580870e-03
11.2000,2.91022415e-03
11.2050,2.81477111e-03
11.2100,2.77657064e-03
11.2150,3.74326276e-03
11.2200,4.69483962e-03
11.2250,5.55604293e-03
11.2300,6.18547130e-03
11.2350,6.57427709e-03
11.2400,6.68824198e-03
11.2450,6.50100142e-03
11.2500,5.99403005e-03
11.2550,5.15489578e-03
11.2600,3.94933308e-03
11.2650,3.00446800e-03
11.2700,2.58178123e-03
11.2750,2.85094110e-03
11.2800,3.90261841e-03
11.2850,6.03144235e-03
11.2900,8.21660797e-03
11.2950,1.04604638e-02
11.3000,1.26866776e-02
11.3050,1.48287945e-02
11.3100,1.67971649e-02
11.3150,1.86168318e-02
11.3200,2.02681540e-02
11.3250,2.17750613e-02
11.3300,2.31734919e-02
11.3350,2.44617274e-02
11.3400,2.56026312e-02
11.3450,2.65561834e-02
11.3500,2.72631086e-02
11.3550,2.77353066e-02
11.3600,2.79323279e-02
11.3650,2.78778058e-02
11.3700,2.76406392e-02
11.3750,2.72567846e-02
11.3800,2.67633701e-02
11.3850,2.61484414e-02
11.3900,2.53631800e-02
11.3950,2.43792152e-02
11.4000,2.31600288e-02
11.4050,2.17064567e-02
11.4100,2.00592236e-02
11.4150,1.82070827e-02
11.4200,1.61853697e-02
11.4250,1.40004652e-02
11.4300,1.16464527e-02
11.4350,9.10410074e-03
11.4400,6.32902323e-03
11.4450,4.82009151e-03
11.4500,4.12205772e-03
11.4550,4.18207397e-03
11.4600,7.49727357e-03
11.4650,9.03484123e-03
11.4700,9.01038449e-03
11.4750,8.19893690e-03
11.4800,7.63050760e-03
11.4850,7.45965451e-03
11.4900,7.04850290e-03
11.4950,6.22806542e-03
11.5000,4.79709616e-03
11.5050,5.10662524e-03
11.5100,6.98571520e-03
11.5150,8.97511778e-03
11.5200,1.08599504e-02
11.5250,1.25873008e-02
11.5300,1.41569249e-02
11.5350,1.56335333e-02
11.5400,1.70921950e-02
11.5450,1.84915399e-02
11.5500,1.96848124e-02
11.5550,2.05917659e-02
11.5600,2.10971193e-02
11.5650,2.15491179e-02
11.5700,2.18109481e-02
11.5750,2.18054703e-02
11.5800,2.12128632e-02
11.5850,2.00152647e-02
11.5900,1.84874071e-02
11.5950,1.68571146e-02
11.6000,1.53712883e-02
11.6050,1.40014942e-02
11.6100,1.27218137e-02
11.6150,1.15900614e-02
11.6200,1.06324976e-02
11.6250,9.83342085e-03
11.6300,9.20870707e-03
11.6350,8.68150911e-03
11.6400,8.02265405e-03
11.6450,7.18194930e-03
11.6500,6.26089568e-03
11.6550,5.38284503e-03
11.6600,4.60274241e-03
11.6650,3.83723097e-03
11.6700,3.63047756e-03
11.6750,3.33575141e-03
11.6800,2.79759583e-03
11.6850,2.37627528e-03
11.6900,2.21589659e-03
11.6950,2.06523165e-03
11.7000,2.05211598e-03
11.7050,2.19837426e-03
11.7100,2.50861385e-03
11.7150,3.03188644e-03
11.7200,3.80075640e-03
11.7250,4.45699248e-03
11.7300,5.10474175e-03
11.7350,5.83226813e-03
11.7400,6.69828912e-03
11.7450,7.68885040e-03
11.7500,8.80835841e-03
11.7550,1.00574732e-02
11.7600,1.13989235e-02
11.7650,1.27925389e-02
11.7700,1.41310521e-02
11.7750,1.53511951e-02
11.7800,1.63628653e-02
11.7850,1.71574805e-02
11.7900,1.77485020e-02
11.7950,1.81404768e-02
11.8000,1.82928375e-02
11.8050,1.81527394e-02
11.8100,1.76308229e-02
11.8150,1.67178117e-02
11.8200,1.54597078e-02
11.8250,1.39476727e-02
11.8300,1.22993333e-02
11.8350,1.05695325e-02
11.8400,8.84478544e-03
11.8450,7.14283821e-03
11.8500,5.48281787e-03
11.8550,5.13707345e-03
11.8600,5.50195891e-03
11.8650,5.69188974e-03
11.8700,5.67123271e-03
11.8750,5.39006571e-03
11.8800,4.84172479e-03
11.8850,4.17397255e-03
11.8900,3.86908368e-03
11.8950,3.75509555e-03
11.9000,3.69660202e-03
11.9050,3.68388093e-03
11.9100,3.50062897e-03
11.9150,2.99588677e-03
11.9200,3.44211680e-03
11.9250,4.29566220e-03
11.9300,5.29359049e-03
11.9350,6.27629932e-03
11.9400,6.99874906e-03
11.9450,7.37704924e-03
11.9500,7.45692199e-03
11.9550,7.48899154e-03
11.9600,8.96297475e-03
11.9650,1.02458408e-02
11.9700,1.12664778e-02
11.9750,1.20740516e-02
11.9800,1.27560444e-02
11.9850,1.33510259e-02
11.9900,1.37276230e-02
11.9950,1.38285168e-02
12.0000,1.35952946e-02
12.0050,1.30416128e-02
12.0100,1.22094229e-02
12.0150,1.11140565e-02
12.0200,9.77463921e-03
12.0250,8.21409895e-03
12.0300,6.51217384e-03
12.0350,4.71803901e-03
12.0400,2.95234441e-03
12.0450,2.19948977e-03
12.0500,2.11731100e-03
12.0550,2.24782496e-03
12.0600,2.44439175e-03
12.0650,3.00099172e-03
12.0700,3.25316752e-03
12.0750,3.11996974e-03
12.0800,2.94976064e-03
12.0850,2.82192911e-03
12.0900,2.55958181e-03
12.0950,2.21246105e-03
12.1000,1.81143255e-03
12.1050,1.37402601e-03
12.1100,1.13358596e-03
12.1150,1.21711421e-03
12.1200,1.66474990e-03
12.1250,2.26171443e-03
12.1300,2.98743710e-03
12.1350,3.92272080e-03
12.1400,4.81554370e-03
12.1450,5.66241317e-03
12.1500,6.43312539e-03
12.1550,7.10127896e-03
12.1600,7.61569297e-03
12.1650,7.97798584e-03
12.1700,8.10285030e-03
12.1750,7.97842382e-03
12.1800,7.63457325e-03
12.1850,7.10548781e-03
12.1900,6.41006199e-03
12.1950,5.52215102e-03
12.2000,4.39822296e-03
12.2050,3.02808736e-03
12.2100,1.77608673e-03
12.2150,1.85011768e-03
12.2200,1.91613019e-03
12.2250,2.74194556e-03
12.2300,3.25074003e-03
12.2350,3.39456491e-03
12.2400,3.38171484e-03
12.2450,3.24920968e-03
12.2500,3.54169467e-03
12.2550,3.92573540e-03
12.2600,4.36921027e-03
12.2650,4.87114683e-03
12.2700,5.43130911e-03
12.2750,6.11984197e-03
12.2800,6.79550616e-03
12.2850,7.46335223e-03
12.2900,8.14415918e-03
12.2950,8.84919600e-03
12.3000,9.58180629e-03
12.3050,1.03188942e-02
12.3100,1.09760558e-02
12.3150,1.14867036e-02
12.3200,1.17286700e-02
12.3250,1.16676288e-02
12.3300,1.13044788e-02
12.3350,1.06820479e-02
12.3400,9.86187354e-03
12.3450,1.09272991e-02
12.3500,1.23661097e-02
12.3550,1.39603147e-02
12.3600,1.57177484e-02
12.3650,1.76312193e-02
12.3700,1.96274178e-02
12.3750,2.16370865e-02
12.3800,2.36703516e-02
12.3850,2.58463081e-02
12.3900,2.82878489e-02
12.3950,3.09168942e-02
12.4000,3.35136350e-02
12.4050,3.59828228e-02
12.4100,3.81832784e-02
12.4150,4.00816713e-02
12.4200,4.16590261e-02
12.4250,4.29362148e-02
12.4300,4.39339622e-02
12.4350,4.46449519e-02
12.4400,4.50642319e-02
12.4450,4.52095949e-02
12.4500,4.50825823e-02
12.4550,4.46844355e-02
12.4600,4.40264374e-02
12.4650,4.31220952e-02
12.4700,4.20106361e-02
12.4750,4.07134975e-02
12.4800,3.92523774e-02
12.4850,3.76207087e-02
12.4900,3.58001734e-02
12.4950,3.37939514e-02
12.5000,3.16301779e-02
12.5050,2.93330370e-02
12.5100,2.69334114e-02
12.5150,2.44273007e-02
12.5200,2.17871661e-02
12.5250,1.89927681e-02
12.5300,1.60557110e-02
12.5350,1.29843505e-02
12.5400,9.82681554e-03
12.5450,6.61863133e-03
12.5500,4.73918986e-03
12.5550,5.25242014e-03
12.5600,5.98635097e-03
12.5650,6.44683003e-03
12.5700,5.96414399e-03
12.5750,5.62546703e-03
12.5800,4.80564384e-03
12.5850,3.34389691e-03
12.5900,3.15432909e-03
12.5950,4.56576373e-03
12.6000,6.23350960e-03
12.6050,7.87321286e-03
12.6100,9.16355004e-03
12.6150,1.02445124e-02
12.6200,1.13933553e-02
12.6250,1.26141411e-02
12.6300,1.40030923e-02
12.6350,1.54203827e-02
12.6400,1.65884866e-02
12.6450,1.74737144e-02
12.6500,1.82093859e-02
12.6550,1.89532001e-02
12.6600,2.02691188e-02
12.6650,2.19501781e-02
12.6700,2.37080647e-02
12.6750,2.52886500e-02
12.6800,2.64705541e-02
12.6850,2.72791175e-02
12.6900,2.78076786e-02
12.6950,2.81133553e-02
12.7000,2.82853916e-02
12.7050,2.83574315e-02
12.7100,2.84214880e-02
12.7150,2.85988735e-02
12.7200,2.90710244e-02
12.7250,2.98102814e-02
12.7300,3.07175449e-02
12.7350,3.17353626e-02
12.7400,3.27641215e-02
12.7450,3.37712505e-02
12.7500,3.47203862e-02
12.7550,3.56048639e-02
12.7600,3.63497802e-02
12.7650,3.68349619e-02
12.7700,3.67773421e-02
12.7750,3.61170586e-02
12.7800,3.49482497e-02
12.7850,3.34162812e-02
12.7900,3.16738021e-02
12.7950,2.97484987e-02
12.8000,2.77272591e-02
12.8050,2.55933163e-02
12.8100,2.31684147e-02
12.8150,2.21010416e-02
12.8200,2.42110260e-02
12.8250,2.63706145e-02
12.8300,2.84294896e-02
12.8350,3.03256706e-02
12.8400,3.18852815e-02
12.8450,3.28679763e-02
12.8500,3.30046368e-02
12.8550,3.26012220e-02
12.8600,3.23906226e-02
12.8650,3.22484914e-02
12.8700,3.19325205e-02
12.8750,3.14235264e-02
12.8800,3.07940140e-02
12.8850,3.00517048e-02
12.8900,2.91643258e-02
12.8950,2.81568054e-02
12.9000,2.71461581e-02
12.9050,2.61906173e-02
12.9100,2.53265184e-02
12.9150,2.45242519e-02
12.9200,2.37340560e-02
12.9250,2.29383130e-02
12.9300,2.21179132e-02
12.9350,2.12731578e-02
12.9400,2.04057883e-02
12.9450,1.95174126e-02
12.9500,1.85951253e-02
12.9550,1.76147907e-02
12.9600,1.65311674e-02
12.9650,1.53144193e-02
12.9700,1.38964553e-02
12.9750,1.22700782e-02
12.9800,1.03905154e-02
12.9850,8.20385982e-03
12.9900,5.45761602e-03
12.9950,4.75297876e-03
13.0000,4.72568685e-03
13.0050,6.54840484e-03
13.0100,8.06632362e-03
13.0150,7.31406851e-03
13.0200,5.93902599e-03
13.0250,4.92080289e-03
13.0300,4.67871843e-03
13.0350,5.30841320e-03
13.0400,5.86524611e-03
13.0450,7.28476408e-03
13.0500,1.02636137e-02
13.0550,1.38711915e-02
13.0600,1.76743052e-02
13.0650,2.15058660e-02
13.0700,2.51338600e-02
13.0750,2.84997496e-02
13.0800,3.14760292e-02
13.0850,3.39653836e-02
13.0900,3.58182120e-02
13.0950,3.70754719e-02
13.1000,3.80079985e-02
13.1050,3.87757060e-02
13.1100,3.94452449e-02
13.1150,3.98790710e-02
13.1200,3.98005903e-02
13.1250,3.91234963e-02
13.1300,3.78273409e-02
13.1350,3.63712899e-02
13.1400,3.49552144e-02
13.1450,3.35558180e-02
13.1500,3.21785586e-02
13.1550,3.08251387e-02
13.1600,2.94775228e-02
13.1650,2.81117558e-02
13.1700,2.66728792e-02
13.1750,2.51334818e-02
13.1800,2.34589898e-02
13.1850,2.15615586e-02
13.1900,1.92949013e-02
13.1950,1.66359858e-02
13.2000,1.37848176e-02
13.2050,1.15603973e-02
13.2100,1.11135155e-02
13.2150,1.07952527e-02
13.2200,1.04149026e-02
13.2250,9.80520156e-03
13.2300,8.98798057e-03
13.2350,8.36691647e-03
13.2400,8.30329579e-03
13.2450,8.58046062e-03
13.2500,8.86097607e-03
13.2550,9.11273200e-03
13.2600,9.23095596e-03
13.2650,9.07674889e-03
13.2700,8.47147206e-03
13.2750,7.51971811e-03
13.2800,6.35473884e-03
13.2850,5.58092079e-03
13.2900,5.20930379e-03
13.2950,4.58381138e-03
13.3000,4.27484205e-03
13.3050,4.34504043e-03
13.3100,4.63561111e-03
13.3150,4.77356346e-03
13.3200,4.80483380e-03
13.3250,4.74440347e-03
13.3300,4.59134417e-03
13.3350,4.38625531e-03
13.3400,4.26509253e-03
13.3450,4.51426618e-03
13.3500,4.50425054e-03
13.3550,4.25485438e-03
13.3600,4.11612170e-03
13.3650,3.95061856e-03
13.3700,3.56292726e-03
13.3750,3.15294761e-03
13.3800,3.02982798e-03
13.3850,3.20818339e-03
13.3900,3.71009484e-03
13.3950,4.35647818e-03
13.4000,4.88800032e-03
13.4050,5.12644791e-03
13.4100,5.87095874e-03
13.4150,7.04448253e-03
13.4200,8.02315173e-03
13.4250,8.79293396e-03
13.4300,9.48346063e-03
13.4350,1.01970671e-02
13.4400,1.09505245e-02
13.4450,1.16790313e-02
13.4500,1.22767529e-02
13.4550,1.27088161e-02
13.4600,1.29464838e-02
13.4650,1.32333576e-02
13.4700,1.36829981e-02
13.4750,1.39779650e-02
13.4800,1.39879321e-02
13.4850,1.37226270e-02
13.4900,1.33180727e-02
13.4950,1.34556405e-02
13.5000,1.35293406e-02
13.5050,1.35212735e-02
13.5100,1.34162296e-02
13.5150,1.32224403e-02
13.5200,1.29635664e-02
13.5250,1.26483123e-02
13.5300,1.22849332e-02
13.5350,1.18556381e-02
13.5400,1.12551025e-02
13.5450,1.03852358e-02
13.5500,9.13690889e-03
13.5550,7.46021923e-03
13.5600,5.44534580e-03
13.5650,4.62138913e-03
13.5700,4.27403589e-03
13.5750,3.78996488e-03
13.5800,3.18180630e-03
13.5850,3.15617843e-03
13.5900,3.69536417e-03
13.5950,4.00637738e-03
13.6000,4.12682869e-03
13.6050,4.12394700e-03
13.6100,4.08819302e-03
13.6150,3.94803453e-03
13.6200,3.56692944e-03
13.6250,3.27413798e-03
13.6300,3.57823634e-03
13.6350,4.08759218e-03
13.6400,4.57173691e-03
13.6450,4.74992698e-03
13.6500,4.54562046e-03
13.6550,4.92658217e-03
13.6600,6.57875905e-03
13.6650,8.38119530e-03
13.6700,1.02747551e-02
13.6750,1.22113662e-02
13.6800,1.40751593e-02
13.6850,1.58204284e-02
13.6900,1.73727502e-02
13.6950,1.87203820e-02
13.7000,1.98794667e-02
13.7050,2.08828298e-02
13.7100,2.17697890e-02
13.7150,2.25206252e-02
13.7200,2.30411151e-02
13.7250,2.32584546e-02
13.7300,2.30747763e-02
13.7350,2.24785061e-02
13.7400,2.14811569e-02
13.7450,2.01173222e-02
13.7500,1.84910178e-02
13.7550,1.66748896e-02
13.7600,1.48057421e-02
13.7650,1.29436514e-02
13.7700,1.11348454e-02
13.7750,9.35589780e-03
13.7800,7.55585227e-03
13.7850,5.70484481e-03
13.7900,3.81259157e-03
13.7950,4.07262924e-03
13.8000,4.40572071e-03
13.8050,4.95303330e-03
13.8100,6.10300056e-03
13.8150,7.05321948e-03
13.8200,7.11325646e-03
13.8250,6.25896877e-03
13.8300,5.27425470e-03
13.8350,4.58607094e-03
13.8400,4.22245854e-03
13.8450,4.11240587e-03
13.8500,4.02811719e-03
13.8550,3.89134276e-03
13.8600,3.71719673e-03
13.8650,4.58185200e-03
13.8700,6.14104386e-03
13.8750,7.63016999e-03
13.8800,8.91512325e-03
13.8850,9.97778920e-03
13.8900,1.08591055e-02
13.8950,1.16113114e-02
13.9000,1.22357346e-02
13.9050,1.26930644e-02
13.9100,1.28996023e-02
13.9150,1.28353701e-02
13.9200,1.25086240e-02
13.9250,1.19459653e-02
13.9300,1.11981290e-02
13.9350,1.02920950e-02
13.9400,9.29026761e-03
13.9450,8.21851656e-03
13.9500,7.09617566e-03
13.9550,5.94294386e-03
13.9600,4.92124629e-03
13.9650,4.10392678e-03
13.9700,3.49533952e-03
13.9750,3.40410178e-03
13.9800,3.76380230e-03
13.9850,3.92575258e-03
13.9900,3.79286816e-03
13.9950,3.35491736e-03
14.0000,2.67366209e-03
14.0050,2.66387099e-03
14.0100,3.18629816e-03
14.0150,3.80569849e-03
14.0200,4.44254734e-03
14.0250,5.06417233e-03
14.0300,5.58908237e-03
14.0350,5.95791402e-03
14.0400,6.11772998e-03
14.0450,6.02875914e-03
14.0500,5.63041702e-03
14.0550,4.92528492e-03
14.0600,4.05329087e-03
14.0650,3.76941764e-03
14.0700,3.97451298e-03
14.0750,4.21619562e-03
14.0800,4.43775459e-03
14.0850,4.53230104e-03
14.0900,4.23079403e-03
14.0950,3.61380400e-03
14.1000,3.76733638e-03
14.1050,4.08695553e-03
14.1100,4.30698829e-03
14.1150,4.39161137e-03
14.1200,5.79923448e-03
14.1250,7.48562831e-03
14.1300,9.31407577e-03
14.1350,1.11608946e-02
14.1400,1.26102053e-02
14.1450,1.33556060e-02
14.1500,1.31597806e-02
14.1550,1.22584629e-02
14.1600,1.11906273e-02
14.1650,1.00829480e-02
14.1700,8.95758122e-03
14.1750,9.23030863e-03
14.1800,1.16146964e-02
14.1850,1.40536975e-02
14.1900,1.65131984e-02
14.1950,1.89518271e-02
14.2000,2.12417979e-02
14.2050,2.33153609e-02
14.2100,2.50825257e-02
14.2150,2.64982918e-02
14.2200,2.73839735e-02
14.2250,2.75077141e-02
14.2300,2.64794944e-02
14.2350,2.44120760e-02
14.2400,2.16657965e-02
14.2450,1.84473270e-02
14.2500,1.49745371e-02
14.2550,1.13166300e-02
14.2600,7.87152069e-03
14.2650,5.59182009e-03
14.2700,4.55169944e-03
14.2750,3.68590075e-03
14.2800,4.18706432e-03
14.2850,4.53795290e-03
14.2900,4.96848916e-03
14.2950,6.12884350e-03
14.3000,7.02885522e-03
14.3050,7.75420943e-03
14.3100,8.18377248e-03
14.3150,8.24025898e-03
14.3200,7.77371191e-03
14.3250,6.81013761e-03
14.3300,5.45237992e-03
14.3350,4.96314318e-03
14.3400,5.16584859e-03
14.3450,5.03281007e-03
14.3500,4.81768478e-03
14.3550,7.32784347e-03
14.3600,1.01445440e-02
14.3650,1.28334078e-02
14.3700,1.50694997e-02
14.3750,1.68148729e-02
14.3800,1.80398025e-02
14.3850,1.86865012e-02
14.3900,1.86328815e-02
14.3950,1.79179199e-02
14.4000,1.66088775e-02
14.4050,1.48003118e-02
14.4100,1.26376857e-02
14.4150,1.01996704e-02
14.4200,7.64955576e-03
14.4250,5.07352018e-03
14.4300,3.83158799e-03
14.4350,4.07570987e-03
14.4400,4.54601143e-03
14.4450,4.94204172e-03
14.4500,5.17742884e-03
14.4550,6.24825052e-03
14.4600,7.37541918e-03
14.4650,8.19471727e-03
14.4700,9.27583042e-03
14.4750,1.10079092e-02
14.4800,1.24355785e-02
14.4850,1.32814897e-02
14.4900,1.33294454e-02
14.4950,1.28223526e-02
14.5000,1.23817254e-02
14.5050,1.21662972e-02
14.5100,1.21369613e-02
14.5150,1.21226073e-02
14.5200,1.18355752e-02
14.5250,1.37736244e-02
14.5300,1.66741661e-02
14.5350,1.94606419e-02
14.5400,2.19644193e-02
14.5450,2.40737606e-02
14.5500,2.55896873e-02
14.5550,2.65042475e-02
14.5600,2.68041646e-02
14.5650,2.65614902e-02
14.5700,2.59168458e-02
14.5750,2.49298308e-02
14.5800,2.37091309e-02
14.5850,2.23871363e-02
14.5900,2.09885023e-02
14.5950,1.95487401e-02
14.6000,1.82100536e-02
14.6050,1.70765629e-02
14.6100,1.62525068e-02
14.6150,1.57061864e-02
14.6200,1.54079402e-02
14.6250,1.53948397e-02
14.6300,1.56696832e-02
14.6350,1.61288308e-02
14.6400,1.65306637e-02
14.6450,1.67726484e-02
14.6500,1.67286470e-02
14.6550,1.63711248e-02
14.6600,1.56461498e-02
14.6650,1.45245630e-02
14.6700,1.29754239e-02
14.6750,1.10137859e-02
14.6800,8.70727962e-03
14.6850,6.17854815e-03
14.6900,5.17454064e-03
14.6950,4.35545893e-03
14.7000,3.45857641e-03
14.7050,5.16622587e-03
14.7100,6.27509848e-03
14.7150,6.40744714e-03
14.7200,6.43158837e-03
14.7250,6.51433325e-03
14.7300,6.64565907e-03
14.7350,6.53132305e-03
14.7400,5.96846564e-03
14.7450,5.60758487e-03
14.7500,5.89197373e-03
14.7550,6.62588340e-03
14.7600,8.20493874e-03
14.7650,9.24830808e-03
14.7700,9.54146569e-03
14.7750,9.26522286e-03
14.7800,8.90737713e-03
14.7850,9.15125085e-03
14.7900,1.17283290e-02
14.7950,1.45394231e-02
14.8000,1.73315616e-02
14.8050,1.99802099e-02
14.8100,2.23505921e-02
14.8150,2.44453557e-02
14.8200,2.62656980e-02
14.8250,2.78062084e-02
14.8300,2.90408333e-02
14.8350,2.99373053e-02
14.8400,3.03863528e-02
14.8450,3.03012059e-02
14.8500,2.95240150e-02
14.8550,2.80091066e-02
14.8600,2.56675459e-02
14.8650,2.25427285e-02
14.8700,1.89585586e-02
14.8750,1.51918558e-02
14.8800,1.16662999e-02
14.8850,8.50012523e-03
14.8900,5.83069254e-03
14.8950,3.56449500e-03
14.9000,2.91675659e-03
14.9050,3.59458338e-03
14.9100,4.15599610e-03
14.9150,4.51902901e-03
14.9200,5.41392000e-03
14.9250,6.07483385e-03
14.9300,5.91440523e-03
14.9350,4.92255481e-03
14.9400,3.92482984e-03
14.9450,3.81284218e-03
14.9500,3.81664618e-03
14.9550,3.71549153e-03
14.9600,3.48825595e-03
14.9650,3.89690919e-03
14.9700,4.94474814e-03
14.9750,6.49696824e-03
14.9800,8.41923040e-03
14.9850,1.03824854e-02
14.9900,1.20110663e-02
14.9950,1.32860993e-02
15.0000,1.42609418e-02
15.0050,1.49838950e-02
15.0100,1.55068700e-02
15.0150,1.57806056e-02
15.0200,1.56722318e-02
15.0250,1.51583699e-02
15.0300,1.42728445e-02
15.0350,1.30745666e-02
15.0400,1.16642672e-02
15.0450,1.00717669e-02
15.0500,8.34901625e-03
15.0550,6.53233021e-03
15.0600,4.71050865e-03
15.0650,3.79616525e-03
15.0700,3.76772678e-03
15.0750,3.94504314e-03
15.0800,4.28409384e-03
15.0850,4.74802537e-03
15.0900,5.42246650e-03
15.0950,6.13699653e-03
15.1000,6.59710071e-03
15.1050,6.64916021e-03
15.1100,6.32242512e-03
15.1150,5.78812349e-03
15.1200,5.35418270e-03
15.1250,5.09614681e-03
15.1300,5.03150058e-03
15.1350,5.09991395e-03
15.1400,6.81413032e-03
15.1450,8.43024274e-03
15.1500,9.96214932e-03
15.1550,1.14428169e-02
15.1600,1.28224515e-02
15.1650,1.40099850e-02
15.1700,1.48444310e-02
15.1750,1.53009826e-02
15.1800,1.53886392e-02
15.1850,1.51746932e-02
15.1900,1.47739052e-02
15.1950,1.42183288e-02
15.2000,1.35446604e-02
15.2050,1.27607856e-02
15.2100,1.18921171e-02
15.2150,1.09514186e-02
15.2200,9.96368202e-03
15.2250,9.00641278e-03
15.2300,8.05749008e-03
15.2350,7.10744912e-03
15.2400,6.15041507e-03
15.2450,5.19142297e-03
15.2500,4.26671995e-03
15.2550,3.38685014e-03
15.2600,2.53721733e-03
15.2650,1.76934385e-03
15.2700,1.62607688e-03
15.2750,1.61560022e-03
15.2800,1.98388257e-03
15.2850,2.31748307e-03
15.2900,2.61939242e-03
15.2950,2.89538622e-03
15.3000,3.11931586e-03
15.3050,3.24850052e-03
15.3100,3.22443502e-03
15.3150,3.04486202e-03
15.3200,2.72882693e-03
15.3250,2.50713209e-03
15.3300,2.69870560e-03
15.3350,2.98905314e-03
15.3400,3.46314080e-03
15.3450,4.03062353e-03
15.3500,4.56976875e-03
15.3550,5.09174635e-03
15.3600,5.58903214e-03
15.3650,6.08372732e-03
15.3700,6.62909902e-03
15.3750,7.22722148e-03
15.3800,7.82643592e-03
15.3850,8.36473730e-03
15.3900,8.74404059e-03
15.3950,8.95435483e-03
15.4000,9.02175681e-03
15.4050,8.97835856e-03
15.4100,8.86996615e-03
15.4150,8.70446200e-03
15.4200,8.49942188e-03
15.4250,8.26390625e-03
15.4300,7.98739378e-03
15.4350,7.67707310e-03
15.4400,7.34742777e-03
15.4450,6.99982303e-03
15.4500,6.65139117e-03
15.4550,6.32767077e-03
15.4600,6.10258722e-03
15.4650,6.02082660e-03
15.4700,6.13358697e-03
15.4750,6.43679960e-03
15.4800,6.90247481e-03
15.4850,7.50504323e-03
15.4900,8.19034568e-03
15.4950,8.93205927e-03
15.5000,9.67139132e-03
15.5050,1.03814437e-02
15.5100,1.10226539e-02
15.5150,1.15849413e-02
15.5200,1.20562527e-02
15.5250,1.24393988e-02
15.5300,1.27330286e-02
15.5350,1.29204584e-02
15.5400,1.29496244e-02
15.5450,1.27940864e-02
15.5500,1.24322165e-02
15.5550,1.18770722e-02
15.5600,1.11846392e-02
15.5650,1.03682389e-02
15.5700,9.46099659e-03
15.5750,8.47460913e-03
15.5800,7.42239198e-03
15.5850,6.31654081e-03
15.5900,5.19474587e-03
15.5950,4.08446759e-03
15.6000,2.99950910e-03
15.6050,2.54452156e-03
15.6100,2.70703945e-03
15.6150,2.96364653e-03
15.6200,3.25694091e-03
15.6250,3.53477703e-03
15.6300,3.81883826e-03
15.6350,4.16764069e-03
15.6400,4.62980062e-03
15.6450,5.18070005e-03
15.6500,5.80774407e-03
15.6550,6.53894663e-03
15.6600,7.39250317e-03
15.6650,8.31561513e-03
15.6700,9.13683115e-03
15.6750,9.75383410e-03
15.6800,1.00822894e-02
15.6850,1.02148474e-02
15.6900,1.03742800e-02
15.6950,1.06260180e-02
15.7000,1.09759129e-02
15.7050,1.13361453e-02
15.7100,1.15743527e-02
15.7150,1.23251465e-02
15.7200,1.29716674e-02
15.7250,1.35102885e-02
15.7300,1.39147287e-02
15.7350,1.41718276e-02
15.7400,1.42785661e-02
15.7450,1.42482462e-02
15.7500,1.41101662e-02
15.7550,1.38980215e-02
15.7600,1.36475679e-02
15.7650,1.33347736e-02
15.7700,1.29951991e-02
15.7750,1.26597242e-02
15.7800,1.23745176e-02
15.7850,1.21396038e-02
15.7900,1.19322520e-02
15.7950,1.17025161e-02
15.8000,1.12658105e-02
15.8050,1.05838417e-02
15.8100,9.85250697e-03
15.8150,9.19387762e-03
15.8200,8.59246234e-03
15.8250,7.96956896e-03
15.8300,7.31516382e-03
15.8350,6.65864723e-03
15.8400,5.97693284e-03
15.8450,5.19779483e-03
15.8500,4.29546654e-03
15.8550,3.30635689e-03
15.8600,2.19797711e-03
15.8650,2.13254445e-03
15.8700,2.08342583e-03
15.8750,2.13176243e-03
15.8800,2.64441339e-03
15.8850,2.46283408e-03
15.8900,2.00865890e-03
15.8950,1.63823906e-03
15.9000,1.35685601e-03
15.9050,1.31694536e-03
15.9100,1.31370042e-03
15.9150,1.58533817e-03
15.9200,2.02208353e-03
15.9250,2.62546290e-03
15.9300,3.30483830e-03
15.9350,3.82041612e-03
15.9400,4.31796559e-03
15.9450,4.88265940e-03
15.9500,5.51987710e-03
15.9550,6.14488553e-03
15.9600,6.65990987e-03
15.9650,7.07757407e-03
15.9700,7.44540317e-03
15.9750,7.77774398e-03
15.9800,8.04571653e-03
15.9850,8.20865458e-03
15.9900,8.19417857e-03
15.9950,7.99232277e-03
16.0000,7.64291403e-03
16.0050,7.18365703e-03
16.0100,6.64363823e-03
16.0150,6.01944247e-03
16.0200,5.31198210e-03
16.0250,4.52687359e-03
16.0300,3.69387322e-03
16.0350,3.25039268e-03
16.0400,3.40971516e-03
16.0450,3.60345935e-03
16.0500,3.75279388e-03
16.0550,3.80838669e-03
16.0600,3.69136158e-03
16.0650,3.42758755e-03
16.0700,3.08275126e-03
16.0750,2.67828678e-03
16.0800,2.27109955e-03
16.0850,1.85965852e-03
16.0900,1.51272952e-03
16.0950,1.73293320e-03
16.1000,2.26168307e-03
16.1050,2.82088694e-03
16.1100,3.35740796e-03
16.1150,3.82630934e-03
16.1200,4.19312160e-03
16.1250,4.46760530e-03
16.1300,4.64852078e-03
16.1350,4.75053246e-03
16.1400,4.79101807e-03
16.1450,4.79335082e-03
16.1500,4.78198326e-03
16.1550,4.75291330e-03
16.1600,4.69491995e-03
16.1650,4.60340631e-03
16.1700,4.47499902e-03
16.1750,4.31298780e-03
16.1800,4.12640636e-03
16.1850,3.92085604e-03
16.1900,3.70886278e-03
16.1950,3.49819952e-03
16.2000,3.30366298e-03
16.2050,3.13125757e-03
16.2100,2.98585570e-03
16.2150,2.87048737e-03
16.2200,2.78609230e-03
16.2250,2.73179952e-03
16.2300,2.72434016e-03
16.2350,2.76982058e-03
16.2400,2.86406846e-03
16.2450,2.99799011e-03
16.2500,3.14987838e-03
16.2550,3.30621490e-03
16.2600,3.43225271e-03
16.2650,3.49865585e-03
16.2700,3.45389519e-03
16.2750,3.30477491e-03
16.2800,3.03692683e-03
16.2850,2.76692904e-03
16.2900,2.65035539e-03
16.2950,2.44034386e-03
16.3000,2.15623415e-03
16.3050,1.83669502e-03
16.3100,1.53181438e-03
16.3150,1.64971035e-03
16.3200,1.85765794e-03
16.3250,2.17175121e-03
16.3300,2.53608389e-03
16.3350,2.93462931e-03
16.3400,3.39439889e-03
16.3450,3.90127544e-03
16.3500,4.34697662e-03
16.3550,4.64745326e-03
16.3600,4.68849046e-03
16.3650,4.47154811e-03
16.3700,4.08576540e-03
16.3750,3.60030638e-03
16.3800,3.17532795e-03
16.3850,3.64121676e-03
16.3900,4.20719983e-03
16.3950,4.86577173e-03
16.4000,5.57500929e-03
16.4050,6.27895170e-03
16.4100,6.86946180e-03
16.4150,7.31396964e-03
16.4200,7.59995238e-03
16.4250,7.75087631e-03
16.4300,7.79499133e-03
16.4350,7.71990111e-03
16.4400,7.47348812e-03
16.4450,7.04683724e-03
16.4500,6.38983983e-03
16.4550,5.53228341e-03
16.4600,4.54283954e-03
16.4650,3.45068244e-03
16.4700,2.31573078e-03
16.4750,1.52772895e-03
16.4800,1.60539774e-03
16.4850,1.84013963e-03
16.4900,1.96216342e-03
16.4950,2.05738701e-03
16.5000,2.17320943e-03
16.5050,2.26640628e-03
16.5100,2.41480579e-03
16.5150,2.45137399e-03
16.5200,2.34087629e-03
16.5250,2.13675002e-03
16.5300,2.07144221e-03
16.5350,1.91122225e-03
16.5400,1.77812860e-03
16.5450,1.90058493e-03
16.5500,2.20581472e-03
16.5550,2.44252161e-03
16.5600,2.62314048e-03
16.5650,2.71705624e-03
16.5700,3.15731317e-03
16.5750,3.74205760e-03
16.5800,4.24593458e-03
16.5850,4.64126750e-03
16.5900,4.91033404e-03
16.5950,5.07045545e-03
16.6000,5.17211966e-03
16.6050,5.23721308e-03
16.6100,5.27929985e-03
16.6150,5.30224540e-03
16.6200,5.30477364e-03
16.6250,5.28123626e-03
16.6300,5.22743889e-03
16.6350,5.14694498e-03
16.6400,5.06273159e-03
16.6450,4.95255598e-03
16.6500,4.83557049e-03
16.6550,4.73606934e-03
16.6600,4.70012913e-03
16.6650,4.74118915e-03
16.6700,4.85255613e-03
16.6750,5.00989303e-03
16.6800,5.12748469e-03
16.6850,5.14514666e-03
16.6900,5.03508674e-03
16.6950,4.85481113e-03
16.7000,4.68688234e-03
16.7050,4.53350294e-03
16.7100,4.39083698e-03
16.7150,4.25727040e-03
16.7200,4.12468014e-03
16.7250,3.99893153e-03
16.7300,3.84920078e-03
16.7350,3.67556286e-03
16.7400,3.48727553e-03
16.7450,3.28830900e-03
16.7500,3.08676539e-03
16.7550,2.87864598e-03
16.7600,2.62812904e-03
16.7650,2.30033431e-03
16.7700,2.06037508e-03
16.7750,2.18750578e-03
16.7800,2.22402995e-03
16.7850,2.15869376e-03
16.7900,1.98170700e-03
16.7950,1.70843284e-03
16.8000,1.38128721e-03
16.8050,1.04622421e-03
16.8100,8.12694897e-04
16.8150,9.95604856e-04
16.8200,1.31529883e-03
16.8250,1.69082049e-03
16.8300,2.03409236e-03
16.8350,2.33522473e-03
16.8400,2.57695675e-03
16.8450,2.73253026e-03
16.8500,2.76135515e-03
16.8550,2.66430270e-03
16.8600,2.47339354e-03
16.8650,2.27848656e-03
16.8700,2.14498207e-03
16.8750,2.17946711e-03
16.8800,2.41937231e-03
16.8850,2.63867095e-03
16.8900,2.84221160e-03
16.8950,3.03314522e-03
16.9000,3.20630062e-03
16.9050,3.35687851e-03
16.9100,3.48511695e-03
16.9150,3.59419723e-03
16.9200,3.68234762e-03
16.9250,3.73972892e-03
16.9300,3.74291747e-03
16.9350,3.68393077e-03
16.9400,3.56704050e-03
16.9450,3.40984702e-03
16.9500,3.25224767e-03
16.9550,3.11073155e-03
16.9600,2.99896268e-03
16.9650,2.90912590e-03
16.9700,2.81802934e-03
16.9750,2.71214789e-03
16.9800,3.08018154e-03
16.9850,3.50147419e-03
16.9900,3.91218757e-03
16.9950,4.31899570e-03
17.0000,4.72472157e-03
17.0050,5.12063223e-03
17.0100,5.48906902e-03
17.0150,5.81503276e-03
17.0200,6.08976420e-03
17.0250,6.30966923e-03
17.0300,6.45264483e-03
17.0350,6.50844608e-03
17.0400,6.50846676e-03
17.0450,6.48269247e-03
17.0500,6.43610545e-03
17.0550,6.34488065e-03
17.0600,6.18783943e-03
17.0650,5.97109366e-03
17.0700,5.70212037e-03
17.0750,5.38191432e-03
17.0800,5.01912876e-03
17.0850,4.62304410e-03
17.0900,4.20878404e-03
17.0950,3.78000315e-03
17.1000,3.34191454e-03
17.1050,2.89743698e-03
17.1100,2.45396998e-03
17.1150,2.34426890e-03
17.1200,2.38001986e-03
17.1250,2.35003415e-03
17.1300,2.24825538e-03
17.1350,2.07814657e-03
17.1400,1.83371507e-03
17.1450,1.57731723e-03
17.1500,1.32263490e-03
17.1550,1.08915069e-03
17.1600,9.93096159e-04
17.1650,9.63021588e-04
17.1700,9.73335436e-04
17.1750,9.78883967e-04
17.1800,9.70774403e-04
17.1850,9.45786492e-04
17.1900,9.04337108e-04
17.1950,9.33741048e-04
17.2000,1.03914733e-03
17.2050,1.11415802e-03
17.2100,1.22011733e-03
17.2150,1.35710403e-03
17.2200,1.48670430e-03
17.2250,1.59017548e-03
17.2300,1.81349642e-03
17.2350,2.03035745e-03
17.2400,2.24728199e-03
17.2450,2.48237058e-03
17.2500,2.76876860e-03
17.2550,3.09289053e-03
17.2600,3.42881891e-03
17.2650,3.76261975e-03
17.2700,4.06333197e-03
17.2750,4.31767849e-03
17.2800,4.51052794e-03
17.2850,4.64120872e-03
17.2900,4.70934044e-03
17.2950,4.71326103e-03
17.3000,4.65720279e-03
17.3050,4.54449898e-03
17.3100,4.37859424e-03
17.3150,4.15323899e-03
17.3200,3.85955893e-03
17.3250,3.50164548e-03
17.3300,3.09618196e-03
17.3350,2.65416889e-03
17.3400,3.09802973e-03
17.3450,3.67426416e-03
17.3500,4.20398307e-03
17.3550,4.67962469e-03
17.3600,5.08724290e-03
17.3650,5.41719214e-03
17.3700,5.64845998e-03
17.3750,5.77161619e-03
17.3800,5.76265734e-03
17.3850,5.61385745e-03
17.3900,5.24818584e-03
17.3950,4.65403071e-03
17.4000,3.92271507e-03
17.4050,3.13271346e-03
17.4100,2.34513741e-03
17.4150,1.60298200e-03
17.4200,1.45027150e-03
17.4250,1.74469418e-03
17.4300,2.10082671e-03
17.4350,2.43466577e-03
17.4400,2.72021212e-03
17.4450,2.93819826e-03
17.4500,3.07069370e-03
17.4550,3.12779156e-03
17.4600,3.12418357e-03
17.4650,3.05954897e-03
17.4700,2.92311528e-03
17.4750,2.67055458e-03
17.4800,2.26930758e-03
17.4850,1.80184423e-03
17.4900,1.70886338e-03
17.4950,1.57569741e-03
17.5000,1.85491940e-03
17.5050,2.47413151e-03
17.5100,3.08496034e-03
17.5150,3.67956705e-03
17.5200,4.24538350e-03
17.5250,4.75978902e-03
17.5300,5.17892910e-03
17.5350,5.48971657e-03
17.5400,5.68414442e-03
17.5450,5.76558021e-03
17.5500,5.74773396e-03
17.5550,5.61590374e-03
17.5600,5.36412384e-03
17.5650,4.99674914e-03
17.5700,4.52046137e-03
17.5750,3.93391716e-03
17.5800,3.23123235e-03
17.5850,2.41779505e-03
17.5900,1.67373899e-03
17.5950,1.98682643e-03
17.6000,2.30027677e-03
17.6050,2.60048155e-03
17.6100,2.87760380e-03
17.6150,3.11523363e-03
17.6200,3.26484140e-03
17.6250,3.30635393e-03
17.6300,3.25692672e-03
17.6350,3.13824405e-03
17.6400,2.97084687e-03
17.6450,2.73708347e-03
17.6500,2.41591652e-03
17.6550,2.02189585e-03
17.6600,1.58271416e-03
17.6650,1.79942751e-03
17.6700,2.41266307e-03
17.6750,3.00682837e-03
17.6800,3.59827980e-03
17.6850,4.17595719e-03
17.6900,4.70677180e-03
17.6950,5.17359136e-03
17.7000,5.55191957e-03
17.7050,5.83898245e-03
17.7100,6.04102431e-03
17.7150,6.16509875e-03
17.7200,6.22404779e-03
17.7250,6.19555634e-03
17.7300,6.05243757e-03
17.7350,5.81151072e-03
17.7400,5.52634227e-03
17.7450,5.21155989e-03
17.7500,4.85566048e-03
17.7550,4.45050101e-03
17.7600,3.97855706e-03
17.7650,3.45256831e-03
17.7700,2.89824459e-03
17.7750,2.33913768e-03
17.7800,2.09020379e-03
17.7850,2.22183618e-03
17.7900,2.35668922e-03
17.7950,2.49348481e-03
17.8000,2.61346921e-03
17.8050,2.69290970e-03
17.8100,2.65946638e-03
17.8150,2.51633816e-03
17.8200,2.26552566e-03
17.8250,1.92644516e-03
17.8300,1.53305994e-03
17.8350,1.21659461e-03
17.8400,1.32293911e-03
17.8450,1.41699326e-03
17.8500,1.47226910e-03
17.8550,1.48196751e-03
17.8600,1.45094478e-03
17.8650,1.58694599e-03
17.8700,1.82370808e-03
17.8750,2.01636737e-03
17.8800,2.14757982e-03
17.8850,2.24240739e-03
17.8900,2.34445536e-03
17.8950,2.45550316e-03
17.9000,2.56593149e-03
17.9050,2.65812020e-03
17.9100,2.70206330e-03
17.9150,2.69544228e-03
17.9200,2.64389771e-03
17.9250,2.55066675e-03
17.9300,2.40443180e-03
17.9350,2.19146737e-03
17.9400,1.91140276e-03
17.9450,2.11092519e-03
17.9500,2.24412224e-03
17.9550,2.32617329e-03
17.9600,2.38592202e-03
17.9650,2.42991884e-03
17.9700,2.44066670e-03
17.9750,2.39797815e-03
17.9800,2.30498797e-03
17.9850,2.15148235e-03
17.9900,1.92819265e-03
17.9950,1.63714007e-03
18.0000,1.29038226e-03
18.0050,1.09469054e-03
18.0100,1.16096491e-03
18.0150,1.23921623e-03
18.0200,1.49039828e-03
18.0250,1.72847925e-03
18.0300,1.87246015e-03
18.0350,1.93823859e-03
18.0400,1.96621944e-03
18.0450,1.98046276e-03
18.0500,1.99566051e-03
18.0550,2.01020012e-03
18.0600,2.01761084e-03
18.0650,2.02756673e-03
18.0700,2.06966330e-03
18.0750,2.15265164e-03
18.0800,2.26746936e-03
18.0850,2.39901151e-03
18.0900,2.51881255e-03
18.0950,2.61527669e-03
18.1000,2.69337600e-03
18.1050,2.76387311e-03
18.1100,2.82725840e-03
18.1150,2.87617109e-03
18.1200,2.90758244e-03
18.1250,2.93148681e-03
18.1300,2.97178579e-03
18.1350,3.04015690e-03
18.1400,3.15361613e-03
18.1450,3.31413882e-03
18.1500,3.51133886e-03
18.1550,3.73068957e-03
18.1600,3.93820029e-03
18.1650,4.11427795e-03
18.1700,4.22283033e-03
18.1750,4.24954454e-03
18.1800,4.17779701e-03
18.1850,4.00932207e-03
18.1900,3.74992980e-03
18.1950,3.40135368e-03
18.2000,2.96889840e-03
18.2050,2.45797015e-03
18.2100,1.87873439e-03
18.2150,1.29487998e-03
18.2200,1.14590303e-03
18.2250,1.06225145e-03
18.2300,1.12485827e-03
18.2350,1.33427746e-03
18.2400,1.52482958e-03
18.2450,1.72439192e-03
18.2500,1.99069847e-03
18.2550,2.33125210e-03
18.2600,2.73365158e-03
18.2650,3.16414656e-03
18.2700,3.52143461e-03
18.2750,3.75072318e-03
18.2800,3.80354032e-03
18.2850,3.69940047e-03
18.2900,3.50289430e-03
18.2950,3.25692732e-03
18.3000,3.03184620e-03
18.3050,2.84715890e-03
18.3100,2.71637882e-03
18.3150,2.87696566e-03
18.3200,3.29301347e-03
18.3250,3.62580903e-03
18.3300,3.82890020e-03
18.3350,3.89932584e-03
18.3400,3.84587153e-03
18.3450,3.68260520e-03
18.3500,3.45862449e-03
18.3550,3.18575930e-03
18.3600,2.90281889e-03
18.3650,2.62245413e-03
18.3700,2.35577191e-03
18.3750,2.10025580e-03
18.3800,1.85729937e-03
18.3850,1.66066330e-03
18.3900,1.58467401e-03
18.3950,1.47966247e-03
18.4000,1.31839166e-03
18.4050,1.15521757e-03
18.4100,1.07470718e-03
18.4150,9.45912506e-04
18.4200,8.95836123e-04
18.4250,9.16063192e-04
18.4300,1.01470725e-03
18.4350,1.07808840e-03
18.4400,1.26600019e-03
18.4450,1.43125374e-03
18.4500,1.56669669e-03
18.4550,1.67317731e-03
18.4600,1.73722367e-03
18.4650,1.74618152e-03
18.4700,1.69104453e-03
18.4750,1.58244413e-03
18.4800,1.44214526e-03
18.4850,1.50703205e-03
18.4900,1.59119533e-03
18.4950,1.65583575e-03
18.5000,1.70196757e-03
18.5050,1.71880940e-03
18.5100,1.70371431e-03
18.5150,1.66761789e-03
18.5200,1.63445932e-03
18.5250,1.61405563e-03
18.5300,1.61827114e-03
18.5350,1.65207630e-03
18.5400,1.71290549e-03
18.5450,1.79240964e-03
18.5500,1.87364515e-03
18.5550,1.94815204e-03
18.5600,2.00793094e-03
18.5650,2.05545641e-03
18.5700,2.09173651e-03
18.5750,2.11170542e-03
18.5800,2.11347488e-03
18.5850,2.09715103e-03
18.5900,2.06016852e-03
18.5950,2.00221783e-03
18.6000,1.92975544e-03
18.6050,1.85069867e-03
18.6100,1.77894746e-03
18.6150,1.72027958e-03
18.6200,1.67459690e-03
18.6250,1.63398338e-03
18.6300,1.58602637e-03
18.6350,1.52253830e-03
18.6400,1.42430779e-03
18.6450,1.28046250e-03
18.6500,1.07505053e-03
18.6550,8.77680838e-04
18.6600,9.27806034e-04
18.6650,9.83102191e-04
18.6700,9.91050712e-04
18.6750,9.47376003e-04
18.6800,8.74380277e-04
18.6850,8.04103941e-04
18.6900,8.17245804e-04
18.6950,8.81522870e-04
18.7000,9.52514300e-04
18.7050,1.02303389e-03
18.7100,1.08799557e-03
18.7150,1.14359296e-03
18.7200,1.18961196e-03
18.7250,1.22555149e-03
18.7300,1.29506518e-03
18.7350,1.38821918e-03
18.7400,1.46206261e-03
18.7450,1.51528938e-03
18.7500,1.54356097e-03
18.7550,1.62250593e-03
18.7600,1.70348494e-03
18.7650,1.78360422e-03
18.7700,1.86879771e-03
18.7750,1.95508344e-03
18.7800,2.02960077e-03
18.7850,2.08354301e-03
18.7900,2.10617744e-03
18.7950,2.09264787e-03
18.8000,2.03914706e-03
18.8050,1.94589746e-03
18.8100,1.81236524e-03
18.8150,1.64022840e-03
18.8200,1.43605231e-03
18.8250,1.21029171e-03
18.8300,1.00178741e-03
18.8350,8.83323933e-04
18.8400,9.11825598e-04
18.8450,9.34121456e-04
18.8500,9.53515072e-04
18.8550,9.72174312e-04
18.8600,9.86062474e-04
18.8650,9.98257984e-04
18.8700,1.03500607e-03
18.8750,1.05863960e-03
18.8800,1.06598540e-03
18.8850,1.04832488e-03
18.8900,9.91251341e-04
18.8950,9.55990223e-04
18.9000,1.02101815e-03
18.9050,1.07885762e-03
18.9100,1.13648880e-03
18.9150,1.20449299e-03
18.9200,1.30231120e-03
18.9250,1.43548004e-03
18.9300,1.60198412e-03
18.9350,1.79314549e-03
18.9400,1.99024576e-03
18.9450,2.18001803e-03
18.9500,2.34037462e-03
18.9550,2.46582580e-03
18.9600,2.54976087e-03
18.9650,2.59026466e-03
18.9700,2.58196852e-03
18.9750,2.52095488e-03
18.9800,2.39986305e-03
18.9850,2.21927695e-03
18.9900,1.97579498e-03
18.9950,1.66373021e-03
19.0000,1.28007000e-03
19.0050,1.28030047e-03
19.0100,1.29855270e-03
19.0150,1.29334625e-03
19.0200,1.39292428e-03
19.0250,1.52027316e-03
19.0300,1.65005804e-03
19.0350,1.78890023e-03
19.0400,1.93893819e-03
19.0450,2.09473139e-03
19.0500,2.24350623e-03
19.0550,2.37510565e-03
19.0600,2.47322540e-03
19.0650,2.53560815e-03
19.0700,2.56478007e-03
19.0750,2.56484832e-03
19.0800,2.54631057e-03
19.0850,2.51684995e-03
19.0900,2.48982769e-03
19.0950,2.46765855e-03
19.1000,2.44678868e-03
19.1050,2.42037374e-03
19.1100,2.37563120e-03
19.1150,2.43331577e-03
19.1200,2.73236303e-03
19.1250,3.02484088e-03
19.1300,3.30784822e-03
19.1350,3.58350386e-03
19.1400,3.86213155e-03
19.1450,4.14182490e-03
19.1500,4.42462487e-03
19.1550,4.71018627e-03
19.1600,4.97885223e-03
19.1650,5.21135876e-03
19.1700,5.37418596e-03
19.1750,5.47459555e-03
19.1800,5.54950847e-03
19.1850,5.60700038e-03
19.1900,5.62322966e-03
19.1950,5.57717667e-03
19.2000,5.45348032e-03
19.2050,5.25548345e-03
19.2100,4.98325052e-03
19.2150,4.63712316e-03
19.2200,4.22082382e-03
19.2250,3.74028390e-03
19.2300,3.21243903e-03
19.2350,2.65017057e-03
19.2400,2.10215696e-03
19.2450,1.64075883e-03
19.2500,1.59925676e-03
19.2550,1.75209738e-03
19.2600,1.87845285e-03
19.2650,1.94039997e-03
19.2700,1.88390635e-03
19.2750,1.73642922e-03
19.2800,1.65723495e-03
19.2850,1.66673018e-03
19.2900,1.63545434e-03
19.2950,1.52738604e-03
19.3000,1.35938515e-03
19.3050,1.31475712e-03
19.3100,1.44701706e-03
19.3150,1.56197942e-03
19.3200,1.60702770e-03
19.3250,1.59265212e-03
19.3300,1.54748483e-03
19.3350,1.52690801e-03
19.3400,2.05915882e-03
19.3450,2.53774904e-03
19.3500,2.93714657e-03
19.3550,3.25510968e-03
19.3600,3.48741356e-03
19.3650,3.63562472e-03
19.3700,3.70648116e-03
19.3750,3.70549806e-03
19.3800,3.63632104e-03
19.3850,3.47649913e-03
19.3900,3.22046760e-03
19.3950,2.87665872e-03
19.4000,2.95520841e-03
19.4050,3.03255879e-03
19.4100,3.14751172e-03
19.4150,3.27200051e-03
19.4200,3.36075018e-03
19.4250,3.42074058e-03
19.4300,3.44369469e-03
19.4350,3.43354112e-03
19.4400,3.36340271e-03
19.4450,3.20851511e-03
19.4500,2.95675588e-03
19.4550,2.61594429e-03
19.4600,2.21616491e-03
19.4650,1.79208175e-03
19.4700,1.37442419e-03
19.4750,9.64876035e-04
19.4800,1.30149948e-03
19.4850,1.75614835e-03
19.4900,2.19078273e-03
19.4950,2.58243459e-03
19.5000,2.90987232e-03
