step,time,disp_X,baseShear_X
0,0.06967078778852437,0.018752644201971914,0.6967078778852789
1,-0.15468480919985017,-0.03124735579802809,-1.5468480919985028
2,-0.3790377536192397,-0.0812473557980281,-3.7903775361923975
3,-0.6033680521297795,-0.13124735579802807,-6.033680521297791
4,-0.8262187603833474,-0.18124735579802806,-8.262187603833477
5,-1.0436710922267232,-0.23124735579802805,-10.436710922267226
6,-1.243646555161692,-0.28124735579802806,-12.436465551616916
7,-1.429686889168846,-0.33124735579802805,-14.296868891688444
8,-1.6018843874320896,-0.38124735579802804,-16.018843874320897
9,-1.7628434289641628,-0.43124735579802803,-17.628434289641653
10,-1.910983439397622,-0.481247355798028,-19.10983439397621
11,-2.0448881037399143,-0.5312473557980281,-20.448881037399154
12,-2.165922711121703,-0.5812473557980281,-21.659227111217046
13,-2.2769741772655085,-0.6312473557980282,-22.769741772655088
14,-2.3789274601008596,-0.6812473557980282,-23.78927460100859
15,-2.4730026052650302,-0.7312473557980282,-24.730026052650285
16,-2.559865159458637,-0.7812473557980283,-25.598651594586354
17,-2.641086644054985,-0.8312473557980283,-26.41086644054986
18,-2.717240800105368,-0.8812473557980284,-27.172408001053697
19,-2.7878526680045708,-0.9312473557980284,-27.87852668004571
20,-2.8536840364511886,-0.9812473557980285,-28.536840364511892
21,-2.9151881210238817,-1.0312473557980284,-29.151881210238816
22,-2.972824097510598,-1.0812473557980284,-29.728240975105997
23,-3.026780862060325,-1.1312473557980285,-30.26780862060324
24,-3.077300803724025,-1.1812473557980285,-30.773008037240288
25,-3.124888602413065,-1.2312473557980286,-31.24888602413065
26,-3.169705611264042,-1.2812473557980286,-31.697056112640425
27,-3.212115403709826,-1.3312473557980287,-32.12115403709829
28,-3.2524674433477085,-1.3812473557980287,-32.52467443347711
29,-3.291012659890763,-1.4312473557980288,-32.91012659890766
30,-3.3278231558100955,-1.4812473557980288,-33.27823155810098
31,-3.362862845909637,-1.5312473557980288,-33.62862845909638
32,-3.3964523198507672,-1.5812473557980289,-33.9645231985077
33,-3.428641282958892,-1.631247355798029,-34.28641282958894
34,-3.459318501539495,-1.681247355798029,-34.59318501539494
35,-3.4886678423738053,-1.731247355798029,-34.88667842373805
36,-3.516884169903978,-1.781247355798029,-35.168841699039746
37,-3.5437180045869248,-1.831247355798029,-35.437180045869255
38,-3.5696331919728688,-1.8812473557980292,-35.69633191972869
39,-3.5944603654695855,-1.9312473557980292,-35.94460365469582
40,-3.618315849548706,-1.9812473557980292,-36.183158495487056
41,-3.641383395506685,-2.031247355798029,-36.41383395506687
42,-3.6634864758935466,-2.0812473557980287,-36.634864758935485
43,-3.684922821990385,-2.1312473557980285,-36.84922821990385
44,-3.7056626369806063,-2.1812473557980283,-37.05662636980606
45,-3.725685799869806,-2.231247355798028,-37.25685799869805
46,-3.745027776432605,-2.281247355798028,-37.450277764326025
47,-3.7637150402162667,-2.3312473557980278,-37.637150402162675
48,-3.781796010232118,-2.3812473557980276,-37.81796010232118
49,-3.7993447386327057,-2.4312473557980274,-37.993447386327055
50,-3.816305958549761,-2.4812473557980272,-38.16305958549759
51,-3.832828109125162,-2.531247355798027,-38.32828109125161
52,-3.848557322976144,-2.581247355798027,-38.48557322976146
53,-3.8640036448791832,-2.6312473557980267,-38.640036448791854
54,-3.878766058171762,-2.6812473557980265,-38.78766058171759
55,-3.893280810287489,-2.7312473557980264,-38.93280810287489
56,-3.9071259704749575,-2.781247355798026,-39.071259704749586
57,-3.9207469554049355,-2.831247355798026,-39.20746955404934
58,-3.933664636246859,-2.881247355798026,-39.33664636246858
59,-3.946387219752754,-2.9312473557980256,-39.46387219752756
60,-3.958474094720264,-2.9812473557980255,-39.58474094720265
61,-3.9703504017902933,-3.0312473557980253,-39.7035040179029
62,-3.9818514181086426,-3.081247355798025,-39.8185141810864
63,-3.9929839972092767,-3.131247355798025,-39.929839972092715
64,-4.00377887102779,-3.1812473557980248,-40.037788710277944
65,-4.014099230285841,-3.2312473557980246,-40.14099230285845
66,-4.0243730288870605,-3.2812473557980244,-40.243730288870694
67,-4.0340701864409985,-3.3312473557980242,-40.34070186441002
68,-4.043710299003215,-3.381247355798024,-40.43710299003214
69,-4.052913026999787,-3.431247355798024,-40.52913026999787
70,-4.0616693354400475,-3.4812473557980237,-40.616693354400475
71,-4.070189052415446,-3.5312473557980235,-40.70189052415447
72,-4.078494752255579,-3.5812473557980233,-40.784947522555804
73,-4.08634471429763,-3.631247355798023,-40.86344714297629
74,-4.093962085612181,-3.681247355798023,-40.93962085612179
75,-4.101245316864071,-3.731247355798023,-41.012453168640704
76,-4.108196512126476,-3.7812473557980226,-41.08196512126475
77,-4.114981392807763,-3.8312473557980224,-41.14981392807765
78,-4.121354528416108,-3.8812473557980223,-41.213545284161064
79,-4.127534068335195,-3.931247355798022,-41.27534068335194
80,-4.133402609548102,-3.981247355798022,-41.33402609548102
81,-4.139173973060486,-4.031247355798023,-41.39173973060488
82,-4.144252046372055,-4.0812473557980224,-41.442520463720555
83,-4.149210777551589,-4.131247355798022,-41.49210777551583
84,-4.153829464427353,-4.181247355798022,-41.53829464427351
85,-4.158151732492847,-4.231247355798022,-41.58151732492848
86,-4.1622293828221135,-4.281247355798022,-41.62229382822112
87,-4.165786029766455,-4.331247355798022,-41.65786029766451
88,-4.169105099447963,-4.381247355798021,-41.69105099447967
89,-4.172062146715159,-4.431247355798021,-41.720621467151545
90,-4.174627085832836,-4.481247355798021,-41.746270858328344
91,-4.176991842631661,-4.531247355798021,-41.769918426316586
92,-4.178840039094942,-4.581247355798021,-41.78840039094941
93,-4.180463250148218,-4.6312473557980205,-41.804632501482125
94,-4.181603142022225,-4.68124735579802,-41.81603142022224
95,-4.182267130708229,-4.73124735579802,-41.82267130708229
96,-4.182283775025483,-4.78124735579802,-41.82283775025478
97,-4.181842591765755,-4.83124735579802,-41.818425917657535
98,-4.181291567620005,-4.88124735579802,-41.81291567620004
99,-4.179087575524674,-4.931247355798019,-41.79087575524676
100,-4.176582819503435,-4.981247355798019,-41.76582819503433
101,-4.173230370907301,-5.031247355798019,-41.732303709073
102,-4.1687644682650395,-5.081247355798019,-41.68764468265036
103,-4.163827843384482,-5.131247355798019,-41.6382784338448
104,-4.158261734753501,-5.1812473557980185,-41.58261734753505
105,-4.15115219242516,-5.231247355798018,-41.51152192425157
106,-4.143877108075111,-5.281247355798018,-41.4387710807511
107,-4.136100978744461,-5.331247355798018,-41.361009787444615
108,-4.126626063595252,-5.381247355798018,-41.26626063595254
109,-4.118303695976235,-5.431247355798018,-41.18303695976235
110,-4.108881625181953,-5.4812473557980175,-41.088816251819495
111,-4.097660409291253,-5.531247355798017,-40.9766040929125
112,-4.086337532542624,-5.581247355798017,-40.86337532542623
113,-4.0751788033215,-5.631247355798017,-40.751788033215
114,-4.063200714061987,-5.681247355798017,-40.63200714061981
115,-4.050894095059423,-5.731247355798017,-40.508940950594265
116,-4.038330371387952,-5.781247355798016,-40.38330371387955
117,-4.025098089122311,-5.831247355798016,-40.25098089122309
118,-4.012093418446692,-5.881247355798016,-40.1209341844669
119,-3.99956342958628,-5.931247355798016,-39.99563429586278
120,-3.984110666053549,-5.981247355798016,-39.84110666053549
121,-3.9704298934455884,-6.0312473557980155,-39.704298934455956
122,-3.956054022578718,-6.081247355798015,-39.560540225787214
123,-3.940966682864524,-6.131247355798015,-39.40966682864526
124,-3.9264560270947895,-6.181247355798015,-39.2645602709479
125,-3.9121768894827316,-6.231247355798015,-39.121768894827355
126,-3.8960886921321616,-6.281247355798015,-38.960886921321595
127,-3.8810466321754253,-6.3312473557980145,-38.81046632175424
128,-3.865964303218824,-6.381247355798014,-38.65964303218822
129,-3.85121039230269,-6.431247355798014,-38.51210392302694
130,-3.8364372345904916,-6.481247355798014,-38.36437234590497
131,-3.820985705869764,-6.531247355798014,-38.20985705869764
132,-3.8072307615471783,-6.581247355798014,-38.07230761547175
133,-3.7909605471585226,-6.631247355798013,-37.90960547158524
134,-3.777104991620565,-6.681247355798013,-37.771049916205705
135,-3.7627088108852043,-6.731247355798013,-37.62708810885206
136,-3.7492413643540683,-6.781247355798013,-37.49241364354082
137,-3.735848607894989,-6.831247355798013,-37.35848607894991
138,-3.7210781345607167,-6.8812473557980125,-37.210781345607145
139,-3.7078971858031404,-6.931247355798012,-37.078971858031395
140,-3.692306161252061,-6.981247355798012,-36.923061612520605
141,-3.676684492047663,-7.031247355798012,-36.766844920476636
142,-3.664728256335811,-7.081247355798012,-36.64728256335836
143,-3.6514525387072587,-7.131247355798012,-36.514525387072545
144,-3.641843618944515,-7.181247355798011,-36.41843618944465
145,-3.622331707187264,-7.231247355798011,-36.22331707187263
146,-3.609613275607698,-7.281247355798011,-36.096132756076976
147,-3.597622887091561,-7.331247355798011,-35.97622887091561
148,-3.582527519005916,-7.381247355798011,-35.825275190059145
149,-3.5701191633626754,-7.4312473557980105,-35.70119163362675
150,-3.5581502240930356,-7.48124735579801,-35.58150224093036
151,-3.544147398934591,-7.53124735579801,-35.44147398934589
152,-3.5324178650836826,-7.58124735579801,-35.32417865083681
153,-3.5185503877630686,-7.63124735579801,-35.18550387763069
154,-3.5056062867753246,-7.68124735579801,-35.05606286775323
155,-3.4932031047919203,-7.7312473557980095,-34.93203104791918
156,-3.4837314563045085,-7.781247355798009,-34.83731456304504
157,-3.4689136577937303,-7.831247355798009,-34.68913657793727
158,-3.4566823675501253,-7.881247355798009,-34.566823675501276
159,-3.444657748525802,-7.931247355798009,-34.44657748525799
160,-3.4334660392237177,-7.981247355798009,-34.33466039223712
161,-3.4203393442360768,-8.031247355798008,-34.20339344236071
162,-3.408585625350198,-8.08124735579801,-34.08585625350197
163,-3.3966654665791114,-8.13124735579801,-33.9666546657911
164,-3.386034702160754,-8.18124735579801,-33.86034702160756
165,-3.374299580643221,-8.231247355798011,-33.742995806432134
166,-3.3634595537485383,-8.281247355798012,-33.63459553748539
167,-3.3518592869993196,-8.331247355798013,-33.51859286999314
168,-3.340676905960344,-8.381247355798013,-33.406769059603405
169,-3.3301446748591963,-8.431247355798014,-33.301446748592
170,-3.3196779358139925,-8.481247355798015,-33.19677935813993
171,-3.308773470306365,-8.531247355798016,-33.08773470306355
172,-3.298029744856581,-8.581247355798016,-32.98029744856578
173,-3.288596806703696,-8.631247355798017,-32.8859680670369
174,-3.2779533733473194,-8.681247355798018,-32.77953373347319
175,-3.2675216901642137,-8.731247355798018,-32.67521690164215
176,-3.2571110964915935,-8.781247355798019,-32.57111096491594
177,-3.2475618930251366,-8.83124735579802,-32.47561893025133
178,-3.237533286703794,-8.88124735579802,-32.375332867037926
179,-3.228287796634831,-8.931247355798021,-32.28287796634828
180,-3.218598059988933,-8.981247355798022,-32.18598059988934
181,-3.209488461823481,-9.031247355798023,-32.09488461823482
182,-3.1998160590476026,-9.081247355798023,-31.998160590476033
183,-3.190549278640539,-9.131247355798024,-31.905492786405418
184,-3.1821437392590224,-9.181247355798025,-31.82143739259021
185,-3.1732030565035294,-9.231247355798025,-31.732030565035345
186,-3.1646369420796834,-9.281247355798026,-31.646369420796812
187,-3.1557059662386253,-9.331247355798027,-31.55705966238624
188,-3.146914572289023,-9.381247355798028,-31.469145722890232
189,-3.138528770947868,-9.431247355798028,-31.385287709478668
190,-3.1304275746058607,-9.481247355798029,-31.30427574605858
191,-3.122064318807784,-9.53124735579803,-31.220643188077798
192,-3.113660229090811,-9.58124735579803,-31.13660229090812
193,-3.105908018705585,-9.631247355798031,-31.059080187055873
194,-3.0980259791281233,-9.681247355798032,-30.98025979128123
195,-3.0900849283152305,-9.731247355798033,-30.90084928315232
196,-3.0821380346396006,-9.781247355798033,-30.82138034639601
197,-3.0746536391574053,-9.831247355798034,-30.746536391574057
198,-3.0671780863582816,-9.881247355798035,-30.671780863582818
199,-3.059462623367689,-9.931247355798035,-30.59462623367691
200,-3.052080417783577,-9.981247355798036,-30.520804177835764
201,-3.0448230294733123,-10.031247355798037,-30.44823029473311
202,-3.0375780777473147,-10.081247355798038,-30.375780777473118
203,-3.0304814496337817,-10.131247355798038,-30.304814496337816
204,-3.023303952670963,-10.181247355798039,-30.233039526709657
205,-3.0173026939810255,-10.23124735579804,-30.17302693981021
206,-3.0101299846347604,-10.28124735579804,-30.101299846347636
207,-3.0033010368724407,-10.331247355798041,-30.033010368724426
208,-2.9965999508835477,-10.381247355798042,-29.965999508835463
209,-2.989760155071537,-10.431247355798043,-29.89760155071536
210,-2.984089521249983,-10.481247355798043,-29.840895212499895
211,-2.9774075891502845,-10.531247355798044,-29.774075891502832
212,-2.971486615286666,-10.581247355798045,-29.714866152866705
213,-2.9642227001781434,-10.631247355798045,-29.642227001781436
214,-2.958843232629755,-10.681247355798046,-29.588432326297582
215,-2.952388811073318,-10.731247355798047,-29.52388811073315
216,-2.9463518081392155,-10.781247355798047,-29.463518081392124
217,-2.9405937053299436,-10.831247355798048,-29.40593705329942
218,-2.9345304160783927,-10.881247355798049,-29.345304160783975
219,-2.928830819695108,-10.93124735579805,-29.28830819695112
220,-2.9233715373752465,-10.98124735579805,-29.23371537375243
221,-2.9175841137536147,-11.031247355798051,-29.175841137536153
222,-2.9120582605463947,-11.081247355798052,-29.120582605463937
223,-2.9070937152841845,-11.131247355798052,-29.07093715284183
224,-2.901282951787788,-11.181247355798053,-29.01282951787788
225,-2.8961499219403146,-11.231247355798054,-28.96149921940315
226,-2.890800294951085,-11.281247355798055,-28.908002949510855
227,-2.886242279443661,-11.331247355798055,-28.862422794436608
228,-2.8805524174069648,-11.381247355798056,-28.805524174069635
229,-2.876183290829404,-11.431247355798057,-28.76183290829402
230,-2.8742807481602735,-11.481247355798057,-28.742807481601062
231,-2.866196373072616,-11.531247355798058,-28.661963730726132
232,-2.861426693265463,-11.581247355798059,-28.614266932654587
233,-2.8569597480067417,-11.63124735579806,-28.569597480067383
234,-2.8523690182672743,-11.68124735579806,-28.52369018267272
235,-2.8479302941514733,-11.731247355798061,-28.47930294151469
236,-2.8432998608211304,-11.781247355798062,-28.432998608211314
237,-2.839297204005483,-11.831247355798062,-28.392972040054858
238,-2.8374827028996212,-11.881247355798063,-28.374827029002578
239,-2.830484892362106,-11.931247355798064,-28.304848923621023
240,-2.8261341332152425,-11.981247355798065,-28.261341332152433
241,-2.821685721563546,-12.031247355798065,-28.216857215635436
242,-2.817586666889692,-12.081247355798066,-28.17586666889689
243,-2.813914113475915,-12.131247355798067,-28.139141134759154
244,-2.8096379163988536,-12.181247355798067,-28.096379163988544
245,-2.8059152306061512,-12.231247355798068,-28.05915230606148
246,-2.801754678264523,-12.281247355798069,-28.017546782645233
247,-2.7982237606677427,-12.33124735579807,-27.982237606677494
248,-2.793885606133457,-12.38124735579807,-27.93885606133455
249,-2.7903007611999953,-12.431247355798071,-27.90300761199995
250,-2.786323525593952,-12.481247355798072,-27.863235255939514
251,-2.782527111205049,-12.531247355798072,-27.8252711120505
252,-2.779376357881658,-12.581247355798073,-27.79376357881656
253,-2.7757864689514533,-12.631247355798074,-27.757864689514523
254,-2.7719356020765225,-12.681247355798074,-27.719356020765236
255,-2.7681259962503924,-12.731247355798075,-27.68125996250392
256,-2.764704285205611,-12.781247355798076,-27.647042852056117
257,-2.7616294215410524,-12.831247355798077,-27.61629421541054
258,-2.7577050070142204,-12.881247355798077,-27.577050070142228
259,-2.754731451766055,-12.931247355798078,-27.547314517660528
260,-2.75132641256513,-12.981247355798079,-27.513264125651318
261,-2.747943940931385,-13.03124735579808,-27.47943940931388
262,-2.744627501343658,-13.08124735579808,-27.44627501343659
263,-2.741513012470627,-13.131247355798081,-27.415130124706284
264,-2.738739824677001,-13.181247355798082,-27.38739824676998
265,-2.7352363845055985,-13.231247355798082,-27.352363845055955
266,-2.7321165465483346,-13.281247355798083,-27.321165465483336
267,-2.7290901367686664,-13.331247355798084,-27.29090136768668
268,-2.7261130493544035,-13.381247355798084,-27.261130493543995
269,-2.723108534713083,-13.431247355798085,-27.231085347130826
270,-2.7201056661699687,-13.481247355798086,-27.201056661699713
271,-2.717143720593946,-13.531247355798087,-27.17143720593945
272,-2.714263600895437,-13.581247355798087,-27.142636008954376
273,-2.7113919017224544,-13.631247355798088,-27.113919017224543
274,-2.7085127892836933,-13.681247355798089,-27.085127892836955
275,-2.7056544656227883,-13.73124735579809,-27.056544656227913
276,-2.702861073943606,-13.78124735579809,-27.02861073943608
277,-2.700097589191275,-13.83124735579809,-27.000975891912766
278,-2.69738065260662,-13.881247355798092,-26.973806526066195
279,-2.694664601453699,-13.931247355798092,-26.94664601453696
280,-2.6919475784799687,-13.981247355798093,-26.919475784799697
281,-2.6895660229443163,-14.031247355798094,-26.895660229443173
282,-2.6866806406506814,-14.081247355798094,-26.866806406506807
283,-2.6843548185740875,-14.131247355798095,-26.843548185740843
284,-2.6815979133423418,-14.181247355798096,-26.815979133423422
285,-2.6789188823590813,-14.231247355798097,-26.789188823590823
286,-2.676309349080884,-14.281247355798097,-26.763093490808835
287,-2.6738454015400706,-14.331247355798098,-26.7384540154007
288,-2.6716586130764473,-14.381247355798099,-26.71658613076449
289,-2.6689832926781754,-14.4312473557981,-26.68983292678176
290,-2.66659174716731,-14.4812473557981,-26.665917471673087
291,-2.6641866383225548,-14.5312473557981,-26.641866383225548
292,-2.6618226783094885,-14.581247355798101,-26.618226783094908
293,-2.659496328217162,-14.631247355798102,-26.594963282171637
294,-2.6571813098775965,-14.681247355798103,-26.57181309877597
295,-2.6551266647293024,-14.731247355798104,-26.551266647293037
296,-2.6526217457842565,-14.781247355798104,-26.52621745784256
297,-2.6505532220270434,-14.831247355798105,-26.505532220270464
298,-2.6481114904710257,-14.881247355798106,-26.481114904710243
299,-2.646129434438924,-14.931247355798106,-26.461294344389245
300,-2.6436786577623574,-14.981247355798107,-26.436786577623593
301,-2.6415229488173524,-15.031247355798108,-26.415229488173516
302,-2.639584533444321,-15.081247355798109,-26.395845334443194
303,-2.6371868835627166,-15.13124735579811,-26.37186883562717
304,-2.6351073293756846,-15.18124735579811,-26.351073293756865
305,-2.632981334119214,-15.23124735579811,-26.32981334119216
306,-2.6309113756184836,-15.281247355798111,-26.30911375618484
307,-2.628872264326278,-15.331247355798112,-26.28872264326279
308,-2.6270199970850627,-15.381247355798113,-26.270199970850637
309,-2.624820887126644,-15.431247355798114,-26.24820887126644
310,-2.6228671597117934,-15.481247355798114,-26.228671597117923
311,-2.6208547653339926,-15.531247355798115,-26.208547653339902
312,-2.618943795125923,-15.581247355798116,-26.189437951259222
313,-2.6170194077373403,-15.631247355798116,-26.170194077373417
314,-2.615096952712141,-15.681247355798117,-26.150969527121436
315,-2.6133941382364307,-15.731247355798118,-26.13394138236432
316,-2.611354081794208,-15.781247355798119,-26.113540817942024
317,-2.6096987756586145,-15.83124735579812,-26.096987756586167
318,-2.607682365966334,-15.88124735579812,-26.076823659663347
319,-2.605906248734475,-15.93124735579812,-26.05906248734475
320,-2.604282782246247,-15.981247355798121,-26.04282782246249
321,-2.602335458222398,-16.03124735579812,-26.02335458222398
322,-2.6007367540986417,-16.08124735579812,-26.0073675409864
323,-2.5987782304648928,-16.13124735579812,-25.98778230464892
324,-2.5972228793674588,-16.18124735579812,-25.97222879367457
325,-2.5953469816795987,-16.23124735579812,-25.953469816796023
326,-2.5936550382611863,-16.281247355798122,-25.93655038261186
327,-2.5919959498940934,-16.331247355798123,-25.919959498940948
328,-2.5904735894702404,-16.381247355798124,-25.9047358947024
329,-2.5886064601079597,-16.431247355798124,-25.886064601079585
330,-2.5871175951557257,-16.481247355798125,-25.871175951557266
331,-2.5853098948511395,-16.531247355798126,-25.853098948511345
332,-2.583840715883958,-16.581247355798126,-25.83840715883958
333,-2.5820630300327925,-16.631247355798127,-25.82063030032794
334,-2.5805084118468677,-16.681247355798128,-25.80508411846864
335,-2.578855439800358,-16.73124735579813,-25.788554398003583
336,-2.5773086400814282,-16.78124735579813,-25.773086400814293
337,-2.5758933670516626,-16.83124735579813,-25.758933670516605
338,-2.574429704438771,-16.88124735579813,-25.744297044387707
339,-2.572691710965022,-16.93124735579813,-25.726917109650238
340,-2.571155267216736,-16.981247355798132,-25.71155267216739
341,-2.5697691127177404,-17.031247355798133,-25.6976911271774
342,-2.568366876221531,-17.081247355798133,-25.683668762215316
343,-2.566647755035864,-17.131247355798134,-25.666477550358643
344,-2.5651623850240775,-17.181247355798135,-25.651623850240753
345,-2.5638165989891455,-17.231247355798136,-25.63816598989149
346,-2.5624590976602852,-17.281247355798136,-25.624590976602853
347,-2.5607990365428206,-17.331247355798137,-25.6079903654282
348,-2.5594818243336377,-17.381247355798138,-25.594818243336373
349,-2.558129476595724,-17.43124735579814,-25.581294765957217
350,-2.5565314376247548,-17.48124735579814,-25.565314376247464
351,-2.5552495802841637,-17.53124735579814,-25.552495802841637
352,-2.5537064776808305,-17.58124735579814,-25.537064776808318
353,-2.5524458758844615,-17.63124735579814,-25.5244587588446
354,-2.5511680888062886,-17.681247355798142,-25.51168088806289
355,-2.5496165315291344,-17.731247355798143,-25.49616531529137
356,-2.5483786063839715,-17.781247355798143,-25.483786063839727
357,-2.547126256713986,-17.831247355798144,-25.471262567139853
358,-2.5456055746322637,-17.881247355798145,-25.456055746322647
359,-2.54439027313349,-17.931247355798146,-25.443902731334887
360,-2.5431590482485698,-17.981247355798146,-25.431590482485692
361,-2.541663354787046,-18.031247355798147,-25.416633547870475
362,-2.540467985390768,-18.081247355798148,-25.404679853907712
363,-2.5392611021833646,-18.13124735579815,-25.392611021833645
364,-2.537787120786209,-18.18124735579815,-25.377871207862075
365,-2.5366296898934637,-18.23124735579815,-25.36629689893465
366,-2.5354397263580717,-18.28124735579815,-25.354397263580726
367,-2.53399964185788,-18.33124735579815,-25.339996418578753
368,-2.5328075704315474,-18.381247355798152,-25.328075704315463
369,-2.5315057560736154,-18.431247355798153,-25.315057560736157
370,-2.53027801879389,-18.481247355798153,-25.302780187938904
371,-2.5291653282158,-18.531247355798154,-25.291653282158
372,-2.528028230091651,-18.581247355798155,-25.28028230091649
373,-2.5268764953413925,-18.631247355798155,-25.268764953413918
374,-2.525719752570693,-18.681247355798156,-25.257197525706946
375,-2.524560951925902,-18.731247355798157,-25.245609519259027
376,-2.523402236450804,-18.781247355798158,-25.234022364508085
377,-2.5219463250646657,-18.83124735579816,-25.219463250646637
378,-2.520884590391697,-18.88124735579816,-25.208845903916952
379,-2.519608168592042,-18.93124735579816,-25.19608168592043
380,-2.518561065949945,-18.98124735579816,-25.18561065949942
381,-2.5174875223364293,-19.03124735579816,-25.17487522336429
382,-2.516212043271884,-19.081247355798162,-25.162120432718837
383,-2.5151885257882687,-19.131247355798163,-25.151885257882682
384,-2.513966516366865,-19.181247355798163,-25.139665163668653
385,-2.512959093548427,-19.231247355798164,-25.129590935484234
386,-2.511773383079512,-19.281247355798165,-25.11773383079515
387,-2.510778770749011,-19.331247355798165,-25.107787707490093
388,-2.5096102266589453,-19.381247355798166,-25.096102266589433
389,-2.508630168067386,-19.431247355798167,-25.08630168067383
390,-2.5075758663934633,-19.481247355798168,-25.07575866393461
391,-2.506415495815211,-19.53124735579817,-25.064154958152127
392,-2.5054561060964655,-19.58124735579817,-25.05456106096468
393,-2.504426641872232,-19.63124735579817,-25.044266418722344
394,-2.5034523011390504,-19.68124735579817,-25.034523011390494
395,-2.502263380209621,-19.73124735579817,-25.022633802096248
396,-2.501329753269566,-19.781247355798172,-25.01329753269565
397,-2.5003820769821306,-19.831247355798173,-25.003820769821303
398,-2.4994236537748753,-19.881247355798173,-24.99423653774876
399,-2.4982361782533333,-19.931247355798174,-24.98236178253334
400,-2.4973283676371287,-19.981247355798175,-24.973283676371274
401,-2.496237591578685,-20.031247355798175,-24.962375915786872
402,-2.495349177879067,-20.081247355798176,-24.953491778790678
403,-2.494442958286556,-20.131247355798177,-24.944429582865556
404,-2.493528410466587,-20.181247355798178,-24.935284104665868
405,-2.492399141627866,-20.23124735579818,-24.92399141627862
406,-2.491523957616898,-20.28124735579818,-24.915239576169
407,-2.4906222020915627,-20.33124735579818,-24.90622202091561
408,-2.4895667926025737,-20.38124735579818,-24.895667926025748
409,-2.4887088084781714,-20.43124735579818,-24.887088084781713
410,-2.487708043317503,-20.481247355798182,-24.877080433175028
411,-2.4868615005772967,-20.531247355798182,-24.868615005772984
412,-2.486001650155247,-20.581247355798183,-24.86001650155245
413,-2.4850794027754013,-20.631247355798184,-24.850794027754002
414,-2.4842155852613024,-20.681247355798185,-24.842155852613033
415,-2.4831670348100428,-20.731247355798185,-24.831670348100417
416,-2.4823545262423763,-20.781247355798186,-24.823545262423774
417,-2.481522767892362,-20.831247355798187,-24.81522767892363
418,-2.4805385542404164,-20.881247355798187,-24.80538554240412
419,-2.4797397879261784,-20.931247355798188,-24.797397879261784
420,-2.4787846466829095,-20.98124735579819,-24.787846466829077
421,-2.4779941462579034,-21.03124735579819,-24.779941462579043
422,-2.4771840155285547,-21.08124735579819,-24.771840155285545
423,-2.476328161851486,-21.13124735579819,-24.76328161851486
424,-2.475516413163183,-21.18124735579819,-24.75516413163183
425,-2.474661448435617,-21.231247355798192,-24.74661448435615
426,-2.4738531388521836,-21.281247355798193,-24.738531388521807
427,-2.4730383872878106,-21.331247355798194,-24.730383872878097
428,-2.472221231264664,-21.381247355798195,-24.72221231264664
429,-2.471404866564772,-21.431247355798195,-24.71404866564771
430,-2.470591833312549,-21.481247355798196,-24.705918333125496
431,-2.4697887515877417,-21.531247355798197,-24.6978875158774
432,-2.46898609340438,-21.581247355798197,-24.689860934043786
433,-2.4681825025313704,-21.631247355798198,-24.68182502531371
434,-2.467381093203197,-21.6812473557982,-24.673810932031977
435,-2.4665889369035847,-21.7312473557982,-24.665889369035852
436,-2.4656021644342445,-21.7812473557982,-24.65602164434246
437,-2.464872398660393,-21.8312473557982,-24.648723986603926
438,-2.4641219076362386,-21.8812473557982,-24.64121907636235
439,-2.463209346626114,-21.931247355798202,-24.632093466261253
440,-2.4623750058114005,-21.981247355798203,-24.623750058114
441,-2.4616698493641977,-22.031247355798204,-24.616698493641973
442,-2.4608424147136834,-22.081247355798205,-24.60842414713681
443,-2.4601411366275396,-22.131247355798205,-24.601411366275393
444,-2.4593156613862845,-22.181247355798206,-24.59315661386284
445,-2.4586178591696926,-22.231247355798207,-24.586178591696914
446,-2.4578754477092497,-22.281247355798207,-24.578754477092485
447,-2.4571655031884676,-22.331247355798208,-24.57165503188466
448,-2.4564151366660316,-22.38124735579821,-24.56415136666032
449,-2.455702152678824,-22.43124735579821,-24.557021526788226
450,-2.4548373237367294,-22.48124735579821,-24.548373237367294
451,-2.4541668874074776,-22.53124735579821,-24.54166887407479
452,-2.4533684108648943,-22.58124735579821,-24.533684108648956
453,-2.4527075100129867,-22.631247355798212,-24.527075100129863
454,-2.452029804328365,-22.681247355798213,-24.52029804328364
455,-2.451215245323087,-22.731247355798214,-24.51215245323089
456,-2.4505564207993653,-22.781247355798214,-24.505564207993658
457,-2.449883899006332,-22.831247355798215,-24.4988389900633
458,-2.449084873166657,-22.881247355798216,-24.490848731666567
459,-2.4484403014415284,-22.931247355798217,-24.484403014415292
460,-2.447679157329434,-22.981247355798217,-24.47679157329433
461,-2.4470455607612362,-23.031247355798218,-24.470455607612347
462,-2.446397003739231,-23.08124735579822,-24.463970037392293
463,-2.4456155006898515,-23.13124735579822,-24.45615500689851
464,-2.4449884026144217,-23.18124735579822,-24.44988402614421
465,-2.444247373186857,-23.23124735579822,-24.442473731868546
466,-2.443631481762768,-23.28124735579822,-24.436314817627675
467,-2.4429003880560844,-23.331247355798222,-24.429003880560845
468,-2.44229323156364,-23.381247355798223,-24.42293231563639
469,-2.4415742076081735,-23.431247355798224,-24.415742076081727
470,-2.440970068963428,-23.481247355798224,-24.40970068963426
471,-2.4403567800493087,-23.531247355798225,-24.403567800493114
472,-2.439704328292314,-23.581247355798226,-24.39704328292317
473,-2.4390881860540956,-23.631247355798227,-24.390881860540947
474,-2.4383429928807705,-23.681247355798227,-24.38342992880772
475,-2.43775650636874,-23.731247355798228,-24.377565063687424
476,-2.4370701726841317,-23.78124735579823,-24.37070172684134
477,-2.4364893501168376,-23.83124735579823,-24.364893501168382
478,-2.4359032949759634,-23.88124735579823,-24.359032949759637
479,-2.4351980231284434,-23.93124735579823,-24.351980231284422
480,-2.4346297521654474,-23.98124735579823,-24.34629752165449
481,-2.434054693619054,-24.031247355798232,-24.340546936190513
482,-2.433358473608333,-24.081247355798233,-24.33358473608333
483,-2.432805027130456,-24.131247355798234,-24.32805027130456
484,-2.4322428782520262,-24.181247355798234,-24.322428782520255
485,-2.4315846031409056,-24.231247355798235,-24.31584603140903
486,-2.4310345492269856,-24.281247355798236,-24.31034549226983
487,-2.4304785573006455,-24.331247355798236,-24.304785573006477
488,-2.429808050524539,-24.381247355798237,-24.298080505245377
489,-2.429270556495686,-24.431247355798238,-24.29270556495684
490,-2.4286539476726197,-24.48124735579824,-24.286539476726162
491,-2.4281181410904695,-24.53124735579824,-24.281181410904697
492,-2.427494491045113,-24.58124735579824,-24.274944910451147
493,-2.4269673623507932,-24.63124735579824,-24.269673623507938
494,-2.4264284380307304,-24.68124735579824,-24.264284380307316
495,-2.4257923353431052,-24.731247355798242,-24.257923353431057
496,-2.425277970435087,-24.781247355798243,-24.25277970435087
497,-2.4246619828852167,-24.831247355798244,-24.246619828852182
498,-2.4241591735410895,-24.881247355798244,-24.24159173541086
499,-2.4236442936583806,-24.931247355798245,-24.2364429365838
500,-2.4230266165119465,-24.981247355798246,-24.23026616511951
501,-2.4225273396497493,-25.031247355798246,-24.225273396497485
502,-2.422015348192484,-25.081247355798247,-24.220153481924847
503,-2.421498331991838,-25.131247355798248,-24.2149833199184
504,-2.4208897868205645,-25.18124735579825,-24.208897868205632
505,-2.4204023724524806,-25.23124735579825,-24.204023724524802
506,-2.4198303556267637,-25.28124735579825,-24.198303556267657
507,-2.4193485289602212,-25.33124735579825,-24.193485289602172
508,-2.41886233181566,-25.38124735579825,-24.18862331815657
509,-2.418296072537614,-25.431247355798252,-24.182960725376134
510,-2.417825544129402,-25.481247355798253,-24.178255441294
511,-2.4173451219812008,-25.531247355798254,-24.17345121981201
512,-2.4167802758584065,-25.581247355798254,-24.167802758584067
513,-2.416316398168973,-25.631247355798255,-24.163163981689717
514,-2.415844724056128,-25.681247355798256,-24.15844724056127
515,-2.4152860849286437,-25.731247355798256,-24.15286084928645
516,-2.4148343823852474,-25.781247355798257,-24.148343823852468
517,-2.4143738519243594,-25.831247355798258,-24.1437385192436
518,-2.4138348949891073,-25.88124735579826,-24.138348949891075
519,-2.413391495362311,-25.93124735579826,-24.133914953623105
520,-2.4129399842886023,-25.98124735579826,-24.129399842886038
521,-2.4124069903915215,-26.03124735579826,-24.124069903915192
522,-2.411974934222497,-26.08124735579826,-24.119749342224964
523,-2.4115307673205515,-26.131247355798262,-24.11530767320552
524,-2.411011706735892,-26.181247355798263,-24.110117067358882
525,-2.4105817265527087,-26.231247355798263,-24.105817265527058
526,-2.410101566114532,-26.281247355798264,-24.101015661145308
527,-2.409672306806357,-26.331247355798265,-24.096723068063575
528,-2.409238320549532,-26.381247355798266,-24.09238320549532
529,-2.4087110674409082,-26.431247355798266,-24.087110674409086
530,-2.408298222457678,-26.481247355798267,-24.08298222457678
531,-2.407876628936595,-26.531247355798268,-24.07876628936593
532,-2.407379815360105,-26.58124735579827,-24.07379815360106
533,-2.4069723065979103,-26.63124735579827,-24.0697230659791
534,-2.406557158507762,-26.68124735579827,-24.065571585077628
535,-2.4060656609207034,-26.73124735579827,-24.060656609207026
536,-2.4056635188111386,-26.78124735579827,-24.056635188111397
537,-2.4051950083319067,-26.831247355798272,-24.051950083319063
538,-2.4047970622350396,-26.881247355798273,-24.047970622350412
539,-2.4043907969444036,-26.931247355798273,-24.043907969444053
540,-2.403930455796302,-26.981247355798274,-24.039304557963035
541,-2.4035360468173588,-27.031247355798275,-24.035360468173614
542,-2.4030781294844874,-27.081247355798276,-24.030781294844868
543,-2.4026935071507807,-27.131247355798276,-24.026935071507793
544,-2.4022500922209273,-27.181247355798277,-24.022500922209275
545,-2.4018636711670456,-27.231247355798278,-24.018636711670446
546,-2.40147106149953,-27.28124735579828,-24.014710614995288
547,-2.401014515053417,-27.33124735579828,-24.01014515053418
548,-2.40063758873405,-27.38124735579828,-24.00637588734048
549,-2.4002518954597445,-27.43124735579828,-24.002518954597456
550,-2.3998620410141247,-27.48124735579828,-23.998620410141218
551,-2.3994048566225836,-27.531247355798282,-23.994048566225835
552,-2.39901957425149,-27.581247355798283,-23.99019574251491
553,-2.398647645228253,-27.631247355798283,-23.98647645228254
554,-2.3982707899748323,-27.681247355798284,-23.982707899748316
555,-2.3978304835002877,-27.731247355798285,-23.978304835002888
556,-2.3974676171363596,-27.781247355798286,-23.97467617136363
557,-2.397097475716731,-27.831247355798286,-23.970974757167316
558,-2.3966614234904733,-27.881247355798287,-23.96661423490472
559,-2.3963058537184168,-27.931247355798288,-23.96305853718417
560,-2.395939962441332,-27.98124735579829,-23.959399624413315
561,-2.395513387804309,-28.03124735579829,-23.955133878043096
562,-2.3951620005625336,-28.08124735579829,-23.95162000562532
563,-2.394753505963373,-28.13124735579829,-23.94753505963375
564,-2.394406231105302,-28.18124735579829,-23.944062311053017
565,-2.3940523271299217,-28.231247355798292,-23.940523271299217
566,-2.3936973210355688,-28.281247355798293,-23.9369732103557
567,-2.3933405097689855,-28.331247355798293,-23.933405097689835
568,-2.392983680698358,-28.381247355798294,-23.929836806983573
569,-2.392624156042207,-28.431247355798295,-23.92624156042207
570,-2.3922652415065744,-28.481247355798295,-23.922652415065738
571,-2.391907515544833,-28.531247355798296,-23.919075155448315
572,-2.3915514078265954,-28.581247355798297,-23.915514078265947
573,-2.3911959444982696,-28.631247355798298,-23.9119594449827
574,-2.3907359013299634,-28.6812473557983,-23.90735901329964
575,-2.390368191211258,-28.7312473557983,-23.90368191211253
576,-2.3900425725577317,-28.7812473557983,-23.90042572557734
577,-2.3897099345183355,-28.8312473557983,-23.897099345183335
578,-2.38937461010342,-28.8812473557983,-23.89374610103417
579,-2.389037296550497,-28.931247355798302,-23.890372965504977
580,-2.388699958362163,-28.981247355798303,-23.88699958362162
581,-2.38829205555057,-29.031247355798303,-23.882920555505702
582,-2.3879761248584304,-29.081247355798304,-23.87976124858431
583,-2.387651850358559,-29.131247355798305,-23.876518503585597
584,-2.387326946498071,-29.181247355798305,-23.87326946498068
585,-2.3869998160024375,-29.231247355798306,-23.86999816002436
586,-2.386671858049314,-29.281247355798307,-23.86671858049314
587,-2.3863450752413273,-29.331247355798308,-23.863450752413282
588,-2.3860192403855134,-29.38124735579831,-23.860192403855155
589,-2.3856940661741026,-29.43124735579831,-23.856940661741007
590,-2.385277251213522,-29.48124735579831,-23.852772512135218
591,-2.3849805763318495,-29.53124735579831,-23.849805763318475
592,-2.3846164031333696,-29.58124735579831,-23.846164031333693
593,-2.384321052567767,-29.631247355798312,-23.843210525677645
594,-2.384019333633774,-29.681247355798313,-23.84019333633777
595,-2.383716975798399,-29.731247355798313,-23.837169757984007
596,-2.3834126146440253,-29.781247355798314,-23.834126146440273
597,-2.3831067605982303,-29.831247355798315,-23.831067605982316
598,-2.382800718019414,-29.881247355798315,-23.828007180194156
599,-2.382424743788466,-29.931247355798316,-23.824247437884654
600,-2.3821370840025597,-29.981247355798317,-23.821370840025608
601,-2.381844586133919,-30.031247355798317,-23.818445861339182
602,-2.3815500677294437,-30.081247355798318,-23.815500677294438
603,-2.3812541504142013,-30.13124735579832,-23.812541504142
604,-2.3809571614053637,-30.18124735579832,-23.809571614053635
605,-2.380590731907096,-30.23124735579832,-23.80590731907095
606,-2.3803108287786325,-30.28124735579832,-23.803108287786326
607,-2.3800254712551148,-30.33124735579832,-23.800254712551133
608,-2.3797369047668444,-30.381247355798322,-23.797369047668457
609,-2.379447715592411,-30.431247355798323,-23.794477155924096
610,-2.379157781339808,-30.481247355798324,-23.79157781339809
611,-2.378867704716573,-30.531247355798325,-23.78867704716573
612,-2.378578111817403,-30.581247355798325,-23.785781118174004
613,-2.378289198739469,-30.631247355798326,-23.78289198739469
614,-2.377931657436156,-30.681247355798327,-23.779316574361584
615,-2.377664915467553,-30.731247355798327,-23.776649154675518
616,-2.377391917249338,-30.781247355798328,-23.773919172493354
617,-2.3771166813366715,-30.83124735579833,-23.771166813366722
618,-2.376840122293183,-30.88124735579833,-23.76840122293181
619,-2.376563357880818,-30.93124735579833,-23.765633578808192
620,-2.376286363243272,-30.98124735579833,-23.762863632432694
621,-2.376009003416129,-31.03124735579833,-23.760090034161284
622,-2.375731423118716,-31.081247355798332,-23.75731423118717
623,-2.3754549189021636,-31.131247355798333,-23.754549189021652
624,-2.3751021082489028,-31.181247355798334,-23.751021082489025
625,-2.374850015820456,-31.231247355798335,-23.748500158204525
626,-2.374566212426329,-31.281247355798335,-23.745662124263287
627,-2.3743105556849393,-31.331247355798336,-23.74310555684939
628,-2.3740559582415615,-31.381247355798337,-23.740559582415596
629,-2.3737343123170485,-31.431247355798337,-23.737343123170447
630,-2.37349217318924,-31.481247355798338,-23.734921731892406
631,-2.3732266557940433,-31.53124735579834,-23.732266557940452
632,-2.3729800931845757,-31.58124735579834,-23.729800931845745
633,-2.372731423334767,-31.63124735579834,-23.727314233347666
634,-2.3724812937299022,-31.68124735579834,-23.724812937299024
635,-2.3722299062514343,-31.73124735579834,-23.722299062514338
636,-2.3719781645854865,-31.781247355798342,-23.719781645854866
637,-2.371726109715355,-31.831247355798343,-23.71726109715356
638,-2.371474519755615,-31.881247355798344,-23.714745197556155
639,-2.37122329906768,-31.931247355798345,-23.712232990676803
640,-2.3709117949457,-31.981247355798345,-23.709117949456996
641,-2.370680535879238,-32.03124735579834,-23.70680535879238
642,-2.370404808317995,-32.08124735579834,-23.70404808317996
643,-2.3701735888874262,-32.13124735579834,-23.70173588887424
644,-2.3699373909292567,-32.181247355798334,-23.699373909292547
645,-2.369700652523273,-32.23124735579833,-23.69700652523273
646,-2.369463167705271,-32.28124735579833,-23.694631677052698
647,-2.369225470453018,-32.331247355798325,-23.692254704530203
648,-2.3689871211834603,-32.38124735579832,-23.689871211834593
649,-2.3687494267727316,-32.43124735579832,-23.687494267727317
650,-2.3685118785234582,-32.48124735579832,-23.685118785234565
651,-2.3682749584315133,-32.531247355798314,-23.682749584315143
652,-2.368038873019233,-32.58124735579831,-23.68038873019233
653,-2.3678036273066354,-32.63124735579831,-23.678036273066347
654,-2.3675018747813246,-32.681247355798305,-23.675018747813258
655,-2.367287319352975,-32.7312473557983,-23.672873193529743
656,-2.367064878387693,-32.7812473557983,-23.670648783876963
657,-2.3668431371547567,-32.8312473557983,-23.66843137154757
658,-2.366564745041165,-32.881247355798294,-23.665647450411633
659,-2.3663571250332454,-32.93124735579829,-23.66357125033248
660,-2.366143589991625,-32.98124735579829,-23.661435899916256
661,-2.3658951341315313,-33.031247355798286,-23.65895134131533
662,-2.3656855193092765,-33.08124735579828,-23.656855193092778
663,-2.3654694657165463,-33.13124735579828,-23.654694657165443
664,-2.3652516562450043,-33.18124735579828,-23.652516562450057
665,-2.3650329519526863,-33.231247355798274,-23.650329519526867
666,-2.3648189298864426,-33.28124735579827,-23.64818929886442
667,-2.3645654525780584,-33.33124735579827,-23.64565452578057
668,-2.364359542464264,-33.381247355798266,-23.643595424642626
669,-2.3641509392944875,-33.43124735579826,-23.64150939294485
670,-2.3639356976572636,-33.48124735579826,-23.639356976572632
671,-2.3637196506081226,-33.53124735579826,-23.637196506081217
672,-2.3635050819717836,-33.581247355798254,-23.635050819717804
673,-2.363291503164802,-33.63124735579825,-23.632915031648025
674,-2.3630790316043853,-33.68124735579825,-23.63079031604386
675,-2.3628677107684233,-33.731247355798246,-23.628677107684243
676,-2.362657977463179,-33.78124735579824,-23.626579774631793
677,-2.362449164158416,-33.83124735579824,-23.624491641584147
678,-2.362242525685356,-33.88124735579824,-23.622425256853543
679,-2.362036378551541,-33.931247355798234,-23.620363785515394
680,-2.3618315414083146,-33.98124735579823,-23.618315414083156
681,-2.361627412309942,-34.03124735579823,-23.616274123099416
682,-2.3614275815542913,-34.081247355798226,-23.61427581554291
683,-2.361228143893966,-34.13124735579822,-23.61228143893963
684,-2.3610061214078826,-34.18124735579822,-23.610061214078847
685,-2.3608184404449077,-34.23124735579822,-23.608184404449084
686,-2.3606297146396464,-34.281247355798214,-23.606297146396443
687,-2.360401414153746,-34.33124735579821,-23.604014141537423
688,-2.36022056313997,-34.38124735579821,-23.6022056313997
689,-2.3600359891911324,-34.431247355798206,-23.600359891911292
690,-2.359845909746032,-34.4812473557982,-23.59845909746035
691,-2.359655961249787,-34.5312473557982,-23.596559612497895
692,-2.359466420491813,-34.5812473557982,-23.59466420491812
693,-2.3592778734067297,-34.631247355798195,-23.592778734067284
694,-2.3590724841761443,-34.68124735579819,-23.590724841761407
695,-2.3588928792668273,-34.73124735579819,-23.58892879266827
696,-2.358711474635732,-34.781247355798186,-23.587114746357315
697,-2.358509692570108,-34.83124735579818,-23.58509692570109
698,-2.358333822031028,-34.88124735579818,-23.583338220310264
699,-2.35815561169723,-34.93124735579818,-23.581556116972287
700,-2.3579745953033666,-34.981247355798175,-23.57974595303365
701,-2.357763311183352,-35.03124735579817,-23.57763311183353
702,-2.357565913627363,-35.08124735579817,-23.575659136273615
703,-2.3574006064873445,-35.131247355798166,-23.57400606487344
704,-2.3572269729288013,-35.18124735579816,-23.572269729288006
705,-2.357057011625855,-35.23124735579816,-23.570570116258505
706,-2.3568851520749687,-35.28124735579816,-23.568851520749647
707,-2.356675497752194,-35.331247355798155,-23.566754977521942
708,-2.356513714265171,-35.38124735579815,-23.565137142651718
709,-2.356335101636406,-35.43124735579815,-23.563351016364056
710,-2.3561659521480225,-35.481247355798146,-23.561659521480244
711,-2.355973597963584,-35.53124735579814,-23.55973597963581
712,-2.355812293180725,-35.58124735579814,-23.558122931807254
713,-2.3556500387288035,-35.63124735579814,-23.556500387288047
714,-2.355485428122175,-35.681247355798135,-23.554854281221733
715,-2.35531951718338,-35.73124735579813,-23.553195171833806
716,-2.3551192341997895,-35.78124735579813,-23.551192341997897
717,-2.3549566925626846,-35.831247355798126,-23.549566925626852
718,-2.3547944230414246,-35.88124735579812,-23.54794423041424
719,-2.354607584806886,-35.93124735579812,-23.546075848068863
720,-2.3544537989489602,-35.98124735579812,-23.544537989489623
721,-2.3542899469604137,-36.031247355798115,-23.542899469604148
722,-2.354127769243354,-36.08124735579811,-23.54127769243354
723,-2.3539426207701264,-36.13124735579811,-23.53942620770128
724,-2.3537917941965123,-36.18124735579811,-23.537917941965123
725,-2.353615778806463,-36.231247355798104,-23.536157788064624
726,-2.3534651916844993,-36.2812473557981,-23.53465191684498
727,-2.353308115803506,-36.3312473557981,-23.53308115803508
728,-2.3531486231614385,-36.381247355798095,-23.53148623161437
729,-2.3529663579554736,-36.43124735579809,-23.52966357955473
730,-2.352819086557137,-36.48124735579809,-23.528190865571364
731,-2.3526640688163756,-36.53124735579809,-23.5266406881637
732,-2.3525072460559446,-36.581247355798084,-23.52507246055948
733,-2.352327043203111,-36.63124735579808,-23.523270432031104
734,-2.3521824937837548,-36.68124735579808,-23.52182493783755
735,-2.3520279962942676,-36.731247355798075,-23.52027996294266
736,-2.351854356505222,-36.78124735579807,-23.51854356505221
737,-2.351711377338257,-36.83124735579807,-23.517113773382576
738,-2.351559691412286,-36.88124735579807,-23.515596914122856
739,-2.3513869158172778,-36.931247355798064,-23.51386915817276
740,-2.3512455003150903,-36.98124735579806,-23.512455003150894
741,-2.3510953502614886,-37.03124735579806,-23.510953502614896
742,-2.3509452165258433,-37.081247355798055,-23.509452165258452
743,-2.3507965982997407,-37.13124735579805,-23.50796598299742
744,-2.3506283599552993,-37.18124735579805,-23.506283599553004
745,-2.3504896768491004,-37.23124735579805,-23.504896768491008
746,-2.3503269236089177,-37.281247355798044,-23.503269236089146
747,-2.350189592866002,-37.33124735579804,-23.50189592866
748,-2.350029866860906,-37.38124735579804,-23.50029866860906
749,-2.3498928849302807,-37.431247355798035,-23.498928849302825
750,-2.3497332983515644,-37.48124735579803,-23.497332983515648
751,-2.3495973542389565,-37.53124735579803,-23.495973542389574
752,-2.3494397237021842,-37.58124735579803,-23.494397237021854
753,-2.349300405374894,-37.631247355798024,-23.493004053748905
754,-2.3491609743951716,-37.68124735579802,-23.491609743951713
755,-2.3490022949212928,-37.73124735579802,-23.490022949212932
756,-2.348869423325774,-37.781247355798016,-23.48869423325772
757,-2.3487097688860694,-37.83124735579801,-23.487097688860697
758,-2.348579129354402,-37.88124735579801,-23.485791293544025
759,-2.3484405607745846,-37.93124735579801,-23.484405607745845
760,-2.3483025663488553,-37.981247355798004,-23.483025663488554
761,-2.348165209667072,-38.031247355798,-23.481652096670725
762,-2.3480271967871382,-38.081247355798,-23.480271967871353
763,-2.3478892422725064,-38.131247355797996,-23.478892422725075
764,-2.347750999113955,-38.18124735579799,-23.477509991139534
765,-2.347613829017662,-38.23124735579799,-23.476138290176607
766,-2.3474553498074555,-38.28124735579799,-23.47455349807454
767,-2.34732753189148,-38.331247355797984,-23.473275318914805
768,-2.3471918869013835,-38.38124735579798,-23.471918869013855
769,-2.347060213961242,-38.43124735579798,-23.470602139612442
770,-2.3469249280302074,-38.481247355797976,-23.469249280302055
771,-2.346791276469487,-38.53124735579797,-23.46791276469489
772,-2.346636926399846,-38.58124735579797,-23.46636926399847
773,-2.346513886855344,-38.63124735579797,-23.46513886855343
774,-2.3463631002163465,-38.681247355797964,-23.463631002163442
775,-2.346242909637537,-38.73124735579796,-23.462429096375374
776,-2.346114594119608,-38.78124735579796,-23.461145941196108
777,-2.3459858934869637,-38.831247355797956,-23.459858934869658
778,-2.3458578249446327,-38.88124735579795,-23.45857824944635
779,-2.345710169918847,-38.93124735579795,-23.457101699188463
780,-2.345591328114955,-38.98124735579795,-23.455913281149545
781,-2.3454653812367168,-39.031247355797944,-23.45465381236718
782,-2.34531888298796,-39.08124735579794,-23.453188829879583
783,-2.3452031466046095,-39.13124735579794,-23.45203146604612
784,-2.345079083324176,-39.181247355797936,-23.45079083324175
785,-2.344955121709251,-39.23124735579793,-23.44955121709248
786,-2.344831312533174,-39.28124735579793,-23.44831312533173
787,-2.344687112469551,-39.33124735579793,-23.446871124695516
788,-2.344572733636553,-39.381247355797925,-23.445727336365533
789,-2.3444510654396398,-39.43124735579792,-23.444510654396407
790,-2.344328611259936,-39.48124735579792,-23.443286112599342
791,-2.3441865277981777,-39.531247355797916,-23.441865277981783
792,-2.3440745084967425,-39.58124735579791,-23.44074508496742
793,-2.343954373482571,-39.63124735579791,-23.43954373482569
794,-2.343833590311238,-39.68124735579791,-23.438335903112364
795,-2.34371129545946,-39.731247355797905,-23.43711295459459
796,-2.3435923549249176,-39.7812473557979,-23.43592354924917
797,-2.3434504422238227,-39.8312473557979,-23.434504422238238
798,-2.343340830073352,-39.881247355797896,-23.433408300733532
799,-2.343222438763983,-39.93124735579789,-23.4322243876398
